ID,official_name,type,subchapter_code,language,synonym_found,morphemes,illustrations,master_sheet_subchapters_linked
ID001,Aca-capac-quilitl,plant,09e,english,acacapac-quilitl,Acatl/reed; Quilitl/edible green,p079_01,09e
ID001,Aca-capac-quilitl,plant,09e,spanish,acacapac-quilitl,Acatl/reed; Quilitl/edible green,p079_01,09e
ID003,A-chilli,plant,08j,english,a-chilli,Atl/water; Chilli/chile,p065_02,08j
ID003,A-chilli,plant,08j,spanish,a-chilli,Atl/water; Chilli/chile,p065_02,08j
ID004,Acoco-xihuitl,plant,10a,english,acoco-xihuitl,"Atl/water; Xihuitl/herbs, green leaves",p094_02,10a
ID004,Acoco-xihuitl,plant,10a,spanish,acoco-xihuitl,"Atl/water; Xihuitl/herbs, green leaves",p094_02,10a
ID005,Acxoyatl,plant,10b,english,acxoyatl,Acatl/reed,p095_02,10b
ID005,Acxoyatl,plant,10b,spanish,acxoyatl,Acatl/reed,p095_02,10b
ID006,Ahuatl,plant,08l,english,ahuatl,nan,p088_03,08l
ID006,Ahuatl,plant,08l,spanish,ahuatl,nan,p088_03,08l
ID007,Ahquiztli,plant,09b,english,a-quiztli,nan,p074_02,09b
ID007,Ahquiztli,plant,09b,spanish,a-quiztli,nan,p074_02,09b
ID009,Ahuiyac-xihuitl,plant,08k,english,ahuiyac-xihuitl,"Xihuitl/herbs, green leaves",p107_01,08k; 11b
ID009,Ahuiyac-xihuitl,plant,08k,spanish,ahuiyac-xihuitl,"Xihuitl/herbs, green leaves",p107_01,08k; 11b
ID009,Ahuiyac-xihuitl,plant,11b,english,ahuiyac-xihuitl,"Xihuitl/herbs, green leaves",p107_01,08k; 11b
ID009,Ahuiyac-xihuitl,plant,11b,spanish,ahuiyac-xihuitl,"Xihuitl/herbs, green leaves",p107_01,08k; 11b
ID012,Xiuh-amolli,plant,01e,english,xiuh-amolli,"Xihuitl/herbs, green leaves",p011_01,01e
ID012,Xiuh-amolli,plant,01e,spanish,xiuh-amolli,"Xihuitl/herbs, green leaves",p011_01,01e
ID014,A-quahuitl,plant,06d,english,a-quahuitl,Atl/water; Quahuitl/tree or wood,nan,06d; 09g; 09i
ID014,A-quahuitl,plant,06d,spanish,a-quahuitl,Atl/water; Quahuitl/tree or wood,nan,06d; 09g; 09i
ID014,A-quahuitl,plant,09g,english,a-quahuitl,Atl/water; Quahuitl/tree or wood,nan,06d; 09g; 09i
ID014,A-quahuitl,plant,09g,spanish,a-quahuitl,Atl/water; Quahuitl/tree or wood,nan,06d; 09g; 09i
ID014,A-quahuitl,plant,09i,english,a-quahuitl,Atl/water; Quahuitl/tree or wood,nan,06d; 09g; 09i
ID014,A-quahuitl,plant,09i,spanish,a-quahuitl,Atl/water; Quahuitl/tree or wood,nan,06d; 09g; 09i
ID015,A-toch-ietl,plant,04a,english,a-toch-ietl,Atl/water,p024_02,04a
ID015,A-toch-ietl,plant,04a,spanish,a-toch-ietl,Atl/water,p024_02,04a
ID016,Atoya-xocotl,plant,01d,english,atoya-xocotl,Atl/water; Xocotl/sour fruit,nan,01d; 10k
ID016,Atoya-xocotl,plant,01d,spanish,atoya-xocotl,Atl/water; Xocotl/sour fruit,nan,01d; 10k
ID016,Atoya-xocotl,plant,10k,english,atoya-xocotl,Atl/water; Xocotl/sour fruit,nan,01d; 10k
ID016,Atoya-xocotl,plant,10k,spanish,atoya-xocotl,Atl/water; Xocotl/sour fruit,nan,01d; 10k
ID017,A-xocotl,plant,08l,english,a-xocotl,Atl/water; Xocotl/sour fruit,nan,08l; 09f; 10k
ID017,A-xocotl,plant,08l,spanish,a-xocotl,Atl/water; Xocotl/sour fruit,nan,08l; 09f; 10k
ID017,A-xocotl,plant,09f,english,a-xocotl,Atl/water; Xocotl/sour fruit,nan,08l; 09f; 10k
ID017,A-xocotl,plant,09f,spanish,a-xocotl,Atl/water; Xocotl/sour fruit,nan,08l; 09f; 10k
ID017,A-xocotl,plant,10k,english,a-xocotl,Atl/water; Xocotl/sour fruit,nan,08l; 09f; 10k
ID017,A-xocotl,plant,10k,spanish,a-xocotl,Atl/water; Xocotl/sour fruit,nan,08l; 09f; 10k
ID018,Ayauh-quahuitl,plant,08f,english,ayauh-quahuitl,Ayauh/mist or fog; Quahuitl/tree or wood,p091_01,08f; 08l; 09f; 09q
ID018,Ayauh-quahuitl,plant,08f,spanish,ayauh-quahuitl,Ayauh/mist or fog; Quahuitl/tree or wood,p091_01,08f; 08l; 09f; 09q
ID018,Ayauh-quahuitl,plant,08l,english,ayauh-quahuitl,Ayauh/mist or fog; Quahuitl/tree or wood,p091_01,08f; 08l; 09f; 09q
ID018,Ayauh-quahuitl,plant,08l,spanish,ayauh-quahuitl,Ayauh/mist or fog; Quahuitl/tree or wood,p091_01,08f; 08l; 09f; 09q
ID018,Ayauh-quahuitl,plant,09f,english,ayauh-quahuitl,Ayauh/mist or fog; Quahuitl/tree or wood,p091_01,08f; 08l; 09f; 09q
ID018,Ayauh-quahuitl,plant,09f,spanish,ayauh-quahuitl,Ayauh/mist or fog; Quahuitl/tree or wood,p091_01,08f; 08l; 09f; 09q
ID018,Ayauh-quahuitl,plant,09q,english,ayauh-quahuitl,Ayauh/mist or fog; Quahuitl/tree or wood,p091_01,08f; 08l; 09f; 09q
ID018,Ayauh-quahuitl,plant,09q,spanish,ayauh-quahuitl,Ayauh/mist or fog; Quahuitl/tree or wood,p091_01,08f; 08l; 09f; 09q
ID019,Ayauhtli,plant,07b,english,ayauhtli,Ayauh/mist or fog,nan,07b
ID019,Ayauhtli,plant,07b,spanish,ayauhtli,Ayauh/mist or fog,nan,07b
ID021,A-illin,plant,08l,english,a-ylin,Atl/water,nan,08l
ID021,A-illin,plant,08l,spanish,a-ylin,Atl/water,nan,08l
ID022,Ylin,plant,07k,english,ylin,nan,nan,07k; 09j; 09o
ID022,Ylin,plant,07k,spanish,ylin,nan,nan,07k; 09j; 09o
ID022,Ylin,plant,09j,english,ylin,nan,nan,07k; 09j; 09o
ID022,Ylin,plant,09j,spanish,ylin,nan,nan,07k; 09j; 09o
ID022,Ylin,plant,09o,english,ylin,nan,nan,07k; 09j; 09o
ID022,Ylin,plant,09o,spanish,ylin,nan,nan,07k; 09j; 09o
ID023,Tepe-ylin,plant,08l,english,tepe-ylin,Tepe/hill or mountain,nan,08l
ID023,Tepe-ylin,plant,08l,spanish,tepe-ylin,Tepe/hill or mountain,nan,08l
ID024,Quetzal-ylin,plant,07k,english,quetzal-ylin,"Quetzal/precious, feathered, or green",p069_10,07k; 07l; 08l; 09i; 09m; 13a
ID024,Quetzal-ylin,plant,07k,spanish,quetzal-ylin,"Quetzal/precious, feathered, or green",p069_10,07k; 07l; 08l; 09i; 09m; 13a
ID024,Quetzal-ylin,plant,07l,english,quetzal-ylin,"Quetzal/precious, feathered, or green",p069_10,07k; 07l; 08l; 09i; 09m; 13a
ID024,Quetzal-ylin,plant,07l,spanish,quetzal-ylin,"Quetzal/precious, feathered, or green",p069_10,07k; 07l; 08l; 09i; 09m; 13a
ID024,Quetzal-ylin,plant,08l,english,quetzal-ylin,"Quetzal/precious, feathered, or green",p069_10,07k; 07l; 08l; 09i; 09m; 13a
ID024,Quetzal-ylin,plant,08l,spanish,quetzal-ylin,"Quetzal/precious, feathered, or green",p069_10,07k; 07l; 08l; 09i; 09m; 13a
ID024,Quetzal-ylin,plant,09i,english,quetzal-ylin,"Quetzal/precious, feathered, or green",p069_10,07k; 07l; 08l; 09i; 09m; 13a
ID024,Quetzal-ylin,plant,09i,spanish,quetzal-ylin,"Quetzal/precious, feathered, or green",p069_10,07k; 07l; 08l; 09i; 09m; 13a
ID024,Quetzal-ylin,plant,09m,english,quetzal-ylin,"Quetzal/precious, feathered, or green",p069_10,07k; 07l; 08l; 09i; 09m; 13a
ID024,Quetzal-ylin,plant,09m,spanish,quetzal-ylin,"Quetzal/precious, feathered, or green",p069_10,07k; 07l; 08l; 09i; 09m; 13a
ID024,Quetzal-ylin,plant,13a,english,quetzal-ylin,"Quetzal/precious, feathered, or green",p069_10,07k; 07l; 08l; 09i; 09m; 13a
ID024,Quetzal-ylin,plant,13a,spanish,quetzal-ylin,"Quetzal/precious, feathered, or green",p069_10,07k; 07l; 08l; 09i; 09m; 13a
ID025,Ayo-nelhuatl,plant,11c,english,ayo-nelhuatl,nan,p109_02,11c
ID025,Ayo-nelhuatl,plant,11c,spanish,ayo-nelhuatl,nan,p109_02,11c
ID028,Eca-patli,plant,01a,english,eca-patli,Ecatl/wind; Patli/medicine,p007_01; p065_01,01a; 05h; 06d; 06e; 08j; 08k; 08l; 09b; 09p; 10b; 10f; 12a
ID028,Eca-patli,plant,01a,spanish,eca-patli,Ecatl/wind; Patli/medicine,p007_01; p065_01,01a; 05h; 06d; 06e; 08j; 08k; 08l; 09b; 09p; 10b; 10f; 12a
ID028,Eca-patli,plant,05h,english,eca-patli,Ecatl/wind; Patli/medicine,p007_01; p065_01,01a; 05h; 06d; 06e; 08j; 08k; 08l; 09b; 09p; 10b; 10f; 12a
ID028,Eca-patli,plant,05h,spanish,eca-patli,Ecatl/wind; Patli/medicine,p007_01; p065_01,01a; 05h; 06d; 06e; 08j; 08k; 08l; 09b; 09p; 10b; 10f; 12a
ID028,Eca-patli,plant,06d,english,eca-patli,Ecatl/wind; Patli/medicine,p007_01; p065_01,01a; 05h; 06d; 06e; 08j; 08k; 08l; 09b; 09p; 10b; 10f; 12a
ID028,Eca-patli,plant,06d,spanish,eca-patli,Ecatl/wind; Patli/medicine,p007_01; p065_01,01a; 05h; 06d; 06e; 08j; 08k; 08l; 09b; 09p; 10b; 10f; 12a
ID028,Eca-patli,plant,06e,english,eca-patli,Ecatl/wind; Patli/medicine,p007_01; p065_01,01a; 05h; 06d; 06e; 08j; 08k; 08l; 09b; 09p; 10b; 10f; 12a
ID028,Eca-patli,plant,06e,spanish,eca-patli,Ecatl/wind; Patli/medicine,p007_01; p065_01,01a; 05h; 06d; 06e; 08j; 08k; 08l; 09b; 09p; 10b; 10f; 12a
ID028,Eca-patli,plant,08j,english,xiuh-ecapatli,Ecatl/wind; Patli/medicine,p007_01; p065_01,01a; 05h; 06d; 06e; 08j; 08k; 08l; 09b; 09p; 10b; 10f; 12a
ID028,Eca-patli,plant,08j,spanish,xiuh-ecapatli,Ecatl/wind; Patli/medicine,p007_01; p065_01,01a; 05h; 06d; 06e; 08j; 08k; 08l; 09b; 09p; 10b; 10f; 12a
ID028,Eca-patli,plant,08k,english,xiuh-ecapatli,Ecatl/wind; Patli/medicine,p007_01; p065_01,01a; 05h; 06d; 06e; 08j; 08k; 08l; 09b; 09p; 10b; 10f; 12a
ID028,Eca-patli,plant,08k,spanish,xiuh-ecapatli,Ecatl/wind; Patli/medicine,p007_01; p065_01,01a; 05h; 06d; 06e; 08j; 08k; 08l; 09b; 09p; 10b; 10f; 12a
ID028,Eca-patli,plant,08l,english,eca-patli,Ecatl/wind; Patli/medicine,p007_01; p065_01,01a; 05h; 06d; 06e; 08j; 08k; 08l; 09b; 09p; 10b; 10f; 12a
ID028,Eca-patli,plant,08l,spanish,eca-patli,Ecatl/wind; Patli/medicine,p007_01; p065_01,01a; 05h; 06d; 06e; 08j; 08k; 08l; 09b; 09p; 10b; 10f; 12a
ID028,Eca-patli,plant,09b,english,xiuh-ecapatli,Ecatl/wind; Patli/medicine,p007_01; p065_01,01a; 05h; 06d; 06e; 08j; 08k; 08l; 09b; 09p; 10b; 10f; 12a
ID028,Eca-patli,plant,09b,spanish,xiuh-ecapatli,Ecatl/wind; Patli/medicine,p007_01; p065_01,01a; 05h; 06d; 06e; 08j; 08k; 08l; 09b; 09p; 10b; 10f; 12a
ID028,Eca-patli,plant,09p,english,eca-patli,Ecatl/wind; Patli/medicine,p007_01; p065_01,01a; 05h; 06d; 06e; 08j; 08k; 08l; 09b; 09p; 10b; 10f; 12a
ID028,Eca-patli,plant,09p,spanish,eca-patli,Ecatl/wind; Patli/medicine,p007_01; p065_01,01a; 05h; 06d; 06e; 08j; 08k; 08l; 09b; 09p; 10b; 10f; 12a
ID028,Eca-patli,plant,10b,english,xiuh-ecapatli,Ecatl/wind; Patli/medicine,p007_01; p065_01,01a; 05h; 06d; 06e; 08j; 08k; 08l; 09b; 09p; 10b; 10f; 12a
ID028,Eca-patli,plant,10b,spanish,xiuh-ecapatli,Ecatl/wind; Patli/medicine,p007_01; p065_01,01a; 05h; 06d; 06e; 08j; 08k; 08l; 09b; 09p; 10b; 10f; 12a
ID028,Eca-patli,plant,10f,english,xiuh-ecapatli,Ecatl/wind; Patli/medicine,p007_01; p065_01,01a; 05h; 06d; 06e; 08j; 08k; 08l; 09b; 09p; 10b; 10f; 12a
ID028,Eca-patli,plant,10f,spanish,xiuh-ecapatli,Ecatl/wind; Patli/medicine,p007_01; p065_01,01a; 05h; 06d; 06e; 08j; 08k; 08l; 09b; 09p; 10b; 10f; 12a
ID028,Eca-patli,plant,12a,english,xiuh-ecapatli,Ecatl/wind; Patli/medicine,p007_01; p065_01,01a; 05h; 06d; 06e; 08j; 08k; 08l; 09b; 09p; 10b; 10f; 12a
ID028,Eca-patli,plant,12a,spanish,xiuh-ecapatli,Ecatl/wind; Patli/medicine,p007_01; p065_01,01a; 05h; 06d; 06e; 08j; 08k; 08l; 09b; 09p; 10b; 10f; 12a
ID030,Elo-xochitl,plant,08l,english,elo-xochitl,Elotl/fresh maize ear; Xochitl/flower,p069_08,08l
ID030,Elo-xochitl,plant,08l,spanish,elo-xochitl,Elotl/fresh maize ear; Xochitl/flower,p069_08,08l
ID031,Xiuh-elo-quilitl,plant,11c,english,xiuh-eloquilitl,"Elotl/fresh maize ear; Quilitl/edible green; Xihuitl/herbs, green leaves",p108_01,11c
ID031,Xiuh-elo-quilitl,plant,11c,spanish,xiuh-eloquilitl,"Elotl/fresh maize ear; Quilitl/edible green; Xihuitl/herbs, green leaves",p108_01,11c
ID032,Elo-zacatl,plant,07l,english,elo-zacatl,Elotl/fresh maize ear; Zacatl/grass,nan,07l; 11d
ID032,Elo-zacatl,plant,07l,spanish,elo-zacatl,Elotl/fresh maize ear; Zacatl/grass,nan,07l; 11d
ID032,Elo-zacatl,plant,11d,english,elo-zacatl,Elotl/fresh maize ear; Zacatl/grass,nan,07l; 11d
ID032,Elo-zacatl,plant,11d,spanish,elo-zacatl,Elotl/fresh maize ear; Zacatl/grass,nan,07l; 11d
ID036,Iztac huitz-quahuitl,plant,11c,english,iztac huitz-quahuitl,Huitz/needle or thorn; Iztac/white; Quahuitl/tree or wood,p109_01,11c
ID036,Iztac huitz-quahuitl,plant,11c,spanish,iztac huitz-quahuitl,Huitz/needle or thorn; Iztac/white; Quahuitl/tree or wood,p109_01,11c
ID037,Huitz-quahuitl,plant,08l,english,huitz-quahuitl,Huitz/needle or thorn; Quahuitl/tree or wood,p068_07,08l; 09d
ID037,Huitz-quahuitl,plant,08l,spanish,huitz-quahuitl,Huitz/needle or thorn; Quahuitl/tree or wood,p068_07,08l; 09d
ID037,Huitz-quahuitl,plant,09d,english,huitz-quahuitl,Huitz/needle or thorn; Quahuitl/tree or wood,p068_07,08l; 09d
ID037,Huitz-quahuitl,plant,09d,spanish,huitz-quahuitl,Huitz/needle or thorn; Quahuitl/tree or wood,p068_07,08l; 09d
ID039,Iztac-patli,plant,04b,english,iztac-patli,Iztac/white; Patli/medicine,p025_01,04b
ID039,Iztac-patli,plant,04b,spanish,iztac-patli,Iztac/white; Patli/medicine,p025_01,04b
ID041,Teo-iztaquilitl,plant,05f,english,teo-iztac-quilitl,Iztac/white; Quilitl/edible green; Teo/divine,p031_01; p051_01,05f; 07b; 07h; 09b; 09e
ID041,Teo-iztaquilitl,plant,05f,spanish,teo-iztac-quilitl,Iztac/white; Quilitl/edible green; Teo/divine,p031_01; p051_01,05f; 07b; 07h; 09b; 09e
ID041,Teo-iztaquilitl,plant,07b,english,teo-iztaquilitl,Iztac/white; Quilitl/edible green; Teo/divine,p031_01; p051_01,05f; 07b; 07h; 09b; 09e
ID041,Teo-iztaquilitl,plant,07b,spanish,teo-iztaquilitl,Iztac/white; Quilitl/edible green; Teo/divine,p031_01; p051_01,05f; 07b; 07h; 09b; 09e
ID041,Teo-iztaquilitl,plant,07h,english,teo-iztaquilitl,Iztac/white; Quilitl/edible green; Teo/divine,p031_01; p051_01,05f; 07b; 07h; 09b; 09e
ID041,Teo-iztaquilitl,plant,07h,spanish,teo-iztaquilitl,Iztac/white; Quilitl/edible green; Teo/divine,p031_01; p051_01,05f; 07b; 07h; 09b; 09e
ID041,Teo-iztaquilitl,plant,09b,english,teo-iztacuilitl,Iztac/white; Quilitl/edible green; Teo/divine,p031_01; p051_01,05f; 07b; 07h; 09b; 09e
ID041,Teo-iztaquilitl,plant,09b,spanish,teo-iztacuilitl,Iztac/white; Quilitl/edible green; Teo/divine,p031_01; p051_01,05f; 07b; 07h; 09b; 09e
ID041,Teo-iztaquilitl,plant,09e,english,teo-iztaquilitl,Iztac/white; Quilitl/edible green; Teo/divine,p031_01; p051_01,05f; 07b; 07h; 09b; 09e
ID041,Teo-iztaquilitl,plant,09e,spanish,teo-iztaquilitl,Iztac/white; Quilitl/edible green; Teo/divine,p031_01; p051_01,05f; 07b; 07h; 09b; 09e
ID042,Izqui-xochitl,plant,08l,english,izqui-xochitl,Xochitl/flower,p069_09,08l; 09d; 09f
ID042,Izqui-xochitl,plant,08l,spanish,izqui-xochitl,Xochitl/flower,p069_09,08l; 09d; 09f
ID042,Izqui-xochitl,plant,09d,english,izqui-xochitl,Xochitl/flower,p069_09,08l; 09d; 09f
ID042,Izqui-xochitl,plant,09d,spanish,izqui-xochitl,Xochitl/flower,p069_09,08l; 09d; 09f
ID042,Izqui-xochitl,plant,09f,english,izqui-xochitl,Xochitl/flower,p069_09,08l; 09d; 09f
ID042,Izqui-xochitl,plant,09f,spanish,izqui-xochitl,Xochitl/flower,p069_09,08l; 09d; 09f
ID043,Tlaco-izqui-xochitl,plant,05e,english,tlaco-izqui-xochitl,Tlaco/half or middle; Xochitl/flower,nan,05e; 08d; 08l
ID043,Tlaco-izqui-xochitl,plant,05e,spanish,tlaco-izqui-xochitl,Tlaco/half or middle; Xochitl/flower,nan,05e; 08d; 08l
ID043,Tlaco-izqui-xochitl,plant,08d,english,tlaco-izqui-xochitl,Tlaco/half or middle; Xochitl/flower,nan,05e; 08d; 08l
ID043,Tlaco-izqui-xochitl,plant,08d,spanish,tlaco-izqui-xochitl,Tlaco/half or middle; Xochitl/flower,nan,05e; 08d; 08l
ID043,Tlaco-izqui-xochitl,plant,08l,english,tlaco-izqui-xochitl,Tlaco/half or middle; Xochitl/flower,nan,05e; 08d; 08l
ID043,Tlaco-izqui-xochitl,plant,08l,spanish,tlaco-izqui-xochitl,Tlaco/half or middle; Xochitl/flower,nan,05e; 08d; 08l
ID044,Quauh-izqui-xochitl,plant,09c,english,quauh-izqui-xochitl,Quahuitl/tree or wood; Xochitl/flower,nan,09c
ID044,Quauh-izqui-xochitl,plant,09c,spanish,quauh-izqui-xochitl,Quahuitl/tree or wood; Xochitl/flower,nan,09c
ID045,Itzquin-patli,plant,07b,english,itzcuinpatli,Patli/medicine,nan,07b; 08f; 08j; 08k
ID045,Itzquin-patli,plant,07b,spanish,itzcuinpatli,Patli/medicine,nan,07b; 08f; 08j; 08k
ID045,Itzquin-patli,plant,08f,english,itzquin-patli,Patli/medicine,nan,07b; 08f; 08j; 08k
ID045,Itzquin-patli,plant,08f,spanish,itzquin-patli,Patli/medicine,nan,07b; 08f; 08j; 08k
ID045,Itzquin-patli,plant,08j,english,itzcuin-patli,Patli/medicine,nan,07b; 08f; 08j; 08k
ID045,Itzquin-patli,plant,08j,spanish,itzcuin-patli,Patli/medicine,nan,07b; 08f; 08j; 08k
ID045,Itzquin-patli,plant,08k,english,itzcuin-patli,Patli/medicine,nan,07b; 08f; 08j; 08k
ID045,Itzquin-patli,plant,08k,spanish,itzcuin-patli,Patli/medicine,nan,07b; 08f; 08j; 08k
ID047,Ocotl,plant,08l,english,ocotl,Ocotl/pine,nan,08l
ID047,Ocotl,plant,08l,spanish,ocotl,Ocotl/pine,nan,08l
ID048,Oco-xochitl,plant,02b,english,oco-xochitl,Ocotl/pine; Xochitl/flower,nan,02b; 10f
ID048,Oco-xochitl,plant,02b,spanish,nan,Ocotl/pine; Xochitl/flower,nan,02b; 10f
ID048,Oco-xochitl,plant,10f,english,nan,Ocotl/pine; Xochitl/flower,nan,02b; 10f
ID048,Oco-xochitl,plant,10f,spanish,nan,Ocotl/pine; Xochitl/flower,nan,02b; 10f
ID049,Iztac oco-xochitl,plant,01a,english,iztac oco-xochitl,Iztac/white; Ocotl/pine; Xochitl/flower,p007_02,01a; 07l; 08e; 09b; 09e; 09q
ID049,Iztac oco-xochitl,plant,01a,spanish,iztac oco-xochitl,Iztac/white; Ocotl/pine; Xochitl/flower,p007_02,01a; 07l; 08e; 09b; 09e; 09q
ID049,Iztac oco-xochitl,plant,07l,english,iztac-oco-xochitl,Iztac/white; Ocotl/pine; Xochitl/flower,p007_02,01a; 07l; 08e; 09b; 09e; 09q
ID049,Iztac oco-xochitl,plant,07l,spanish,iztac-oco-xochitl,Iztac/white; Ocotl/pine; Xochitl/flower,p007_02,01a; 07l; 08e; 09b; 09e; 09q
ID049,Iztac oco-xochitl,plant,08e,english,iztac-oco-xochitl,Iztac/white; Ocotl/pine; Xochitl/flower,p007_02,01a; 07l; 08e; 09b; 09e; 09q
ID049,Iztac oco-xochitl,plant,08e,spanish,iztac-oco-xochitl,Iztac/white; Ocotl/pine; Xochitl/flower,p007_02,01a; 07l; 08e; 09b; 09e; 09q
ID049,Iztac oco-xochitl,plant,09b,english,iztac-oco-xochitl,Iztac/white; Ocotl/pine; Xochitl/flower,p007_02,01a; 07l; 08e; 09b; 09e; 09q
ID049,Iztac oco-xochitl,plant,09b,spanish,iztac-oco-xochitl,Iztac/white; Ocotl/pine; Xochitl/flower,p007_02,01a; 07l; 08e; 09b; 09e; 09q
ID049,Iztac oco-xochitl,plant,09e,english,iztac-oco-xochitl,Iztac/white; Ocotl/pine; Xochitl/flower,p007_02,01a; 07l; 08e; 09b; 09e; 09q
ID049,Iztac oco-xochitl,plant,09e,spanish,iztac-oco-xochitl,Iztac/white; Ocotl/pine; Xochitl/flower,p007_02,01a; 07l; 08e; 09b; 09e; 09q
ID049,Iztac oco-xochitl,plant,09q,english,iztac-oco-xochitl,Iztac/white; Ocotl/pine; Xochitl/flower,p007_02,01a; 07l; 08e; 09b; 09e; 09q
ID049,Iztac oco-xochitl,plant,09q,spanish,iztac-oco-xochitl,Iztac/white; Ocotl/pine; Xochitl/flower,p007_02,01a; 07l; 08e; 09b; 09e; 09q
ID051,Oyametl,plant,08l,english,oyametl,nan,nan,08l
ID051,Oyametl,plant,08l,spanish,oyametl,nan,nan,08l
ID052,Yamanqui patli,plant,09d,english,yamanqui-patli,Patli/medicine,nan,09d
ID052,Yamanqui patli,plant,09d,spanish,yamanqui-patli,Patli/medicine,nan,09d
ID054,Iztauyattl,plant,06i,english,iztauh-yattl,Acatl/reed; Iztac/white,nan,06i; 08e; 08j; 08k; 09e; 09q; 10i
ID054,Iztauyattl,plant,06i,spanish,iztauh-yattl,Acatl/reed; Iztac/white,nan,06i; 08e; 08j; 08k; 09e; 09q; 10i
ID054,Iztauyattl,plant,08e,english,iztauh-yatl,Acatl/reed; Iztac/white,nan,06i; 08e; 08j; 08k; 09e; 09q; 10i
ID054,Iztauyattl,plant,08e,spanish,iztauh-yatl,Acatl/reed; Iztac/white,nan,06i; 08e; 08j; 08k; 09e; 09q; 10i
ID054,Iztauyattl,plant,08j,english,iztauh-yatl,Acatl/reed; Iztac/white,nan,06i; 08e; 08j; 08k; 09e; 09q; 10i
ID054,Iztauyattl,plant,08j,spanish,iztauh-yatl,Acatl/reed; Iztac/white,nan,06i; 08e; 08j; 08k; 09e; 09q; 10i
ID054,Iztauyattl,plant,08k,english,iztauh-yatl,Acatl/reed; Iztac/white,nan,06i; 08e; 08j; 08k; 09e; 09q; 10i
ID054,Iztauyattl,plant,08k,spanish,iztauh-yatl,Acatl/reed; Iztac/white,nan,06i; 08e; 08j; 08k; 09e; 09q; 10i
ID054,Iztauyattl,plant,09e,english,iztauhyauh,Acatl/reed; Iztac/white,nan,06i; 08e; 08j; 08k; 09e; 09q; 10i
ID054,Iztauyattl,plant,09e,spanish,iztauhyauh,Acatl/reed; Iztac/white,nan,06i; 08e; 08j; 08k; 09e; 09q; 10i
ID054,Iztauyattl,plant,09q,english,iztauh-yatl,Acatl/reed; Iztac/white,nan,06i; 08e; 08j; 08k; 09e; 09q; 10i
ID054,Iztauyattl,plant,09q,spanish,iztauh-yatl,Acatl/reed; Iztac/white,nan,06i; 08e; 08j; 08k; 09e; 09q; 10i
ID054,Iztauyattl,plant,10i,english,iztauhyatl,Acatl/reed; Iztac/white,nan,06i; 08e; 08j; 08k; 09e; 09q; 10i
ID054,Iztauyattl,plant,10i,spanish,iztauhyatl,Acatl/reed; Iztac/white,nan,06i; 08e; 08j; 08k; 09e; 09q; 10i
ID055,Y-yauhtli,plant,06a,english,yyauhtli,Yauhtli/medicinal marigold,nan,06a
ID055,Y-yauhtli,plant,06a,spanish,yyauhtli,Yauhtli/medicinal marigold,nan,06a
ID056,Quauh-yyauhtli,plant,08j,english,yyauhtli,Quahuitl/tree or wood; Yauhtli/medicinal marigold,p091_02,08j; 08l; 09l; 09q; 10b; 10j; 11d
ID056,Quauh-yyauhtli,plant,08j,spanish,yyauhtli,Quahuitl/tree or wood; Yauhtli/medicinal marigold,p091_02,08j; 08l; 09l; 09q; 10b; 10j; 11d
ID056,Quauh-yyauhtli,plant,08l,english,yyauhtli,Quahuitl/tree or wood; Yauhtli/medicinal marigold,p091_02,08j; 08l; 09l; 09q; 10b; 10j; 11d
ID056,Quauh-yyauhtli,plant,08l,spanish,yyauhtli,Quahuitl/tree or wood; Yauhtli/medicinal marigold,p091_02,08j; 08l; 09l; 09q; 10b; 10j; 11d
ID056,Quauh-yyauhtli,plant,09l,english,yyauhtli,Quahuitl/tree or wood; Yauhtli/medicinal marigold,p091_02,08j; 08l; 09l; 09q; 10b; 10j; 11d
ID056,Quauh-yyauhtli,plant,09l,spanish,yyauhtli,Quahuitl/tree or wood; Yauhtli/medicinal marigold,p091_02,08j; 08l; 09l; 09q; 10b; 10j; 11d
ID056,Quauh-yyauhtli,plant,09q,english,yyauhtli,Quahuitl/tree or wood; Yauhtli/medicinal marigold,p091_02,08j; 08l; 09l; 09q; 10b; 10j; 11d
ID056,Quauh-yyauhtli,plant,09q,spanish,yyauhtli,Quahuitl/tree or wood; Yauhtli/medicinal marigold,p091_02,08j; 08l; 09l; 09q; 10b; 10j; 11d
ID056,Quauh-yyauhtli,plant,10b,english,yyauhtli,Quahuitl/tree or wood; Yauhtli/medicinal marigold,p091_02,08j; 08l; 09l; 09q; 10b; 10j; 11d
ID056,Quauh-yyauhtli,plant,10b,spanish,yyauhtli,Quahuitl/tree or wood; Yauhtli/medicinal marigold,p091_02,08j; 08l; 09l; 09q; 10b; 10j; 11d
ID056,Quauh-yyauhtli,plant,10j,english,yyauhtli,Quahuitl/tree or wood; Yauhtli/medicinal marigold,p091_02,08j; 08l; 09l; 09q; 10b; 10j; 11d
ID056,Quauh-yyauhtli,plant,10j,spanish,yyauhtli,Quahuitl/tree or wood; Yauhtli/medicinal marigold,p091_02,08j; 08l; 09l; 09q; 10b; 10j; 11d
ID056,Quauh-yyauhtli,plant,11d,english,yyauhtli,Quahuitl/tree or wood; Yauhtli/medicinal marigold,p091_02,08j; 08l; 09l; 09q; 10b; 10j; 11d
ID056,Quauh-yyauhtli,plant,11d,spanish,yyauhtli,Quahuitl/tree or wood; Yauhtli/medicinal marigold,p091_02,08j; 08l; 09l; 09q; 10b; 10j; 11d
ID057,Holli,plant,09d,english,holli,nan,nan,09d
ID057,Holli,plant,09d,spanish,holli,nan,nan,09d
ID058,Yollo-xochitl,plant,08c,english,yollo-xochitl,Xochitl/flower,p098_02,08c; 08d; 10e; 10k
ID058,Yollo-xochitl,plant,08c,spanish,yollo-xochitl,Xochitl/flower,p098_02,08c; 08d; 10e; 10k
ID058,Yollo-xochitl,plant,08d,english,yollo-xochitl,Xochitl/flower,p098_02,08c; 08d; 10e; 10k
ID058,Yollo-xochitl,plant,08d,spanish,yollo-xochitl,Xochitl/flower,p098_02,08c; 08d; 10e; 10k
ID058,Yollo-xochitl,plant,10e,english,yollo-xochitl,Xochitl/flower,p098_02,08c; 08d; 10e; 10k
ID058,Yollo-xochitl,plant,10e,spanish,yollo-xochitl,Xochitl/flower,p098_02,08c; 08d; 10e; 10k
ID058,Yollo-xochitl,plant,10k,english,yollo-xochitl,Xochitl/flower,p098_02,08c; 08d; 10e; 10k
ID058,Yollo-xochitl,plant,10k,spanish,yollo-xochitl,Xochitl/flower,p098_02,08c; 08d; 10e; 10k
ID060,Cacalo-xochitl,plant,08l,english,cacalo-xochitl,Xochitl/flower,p097_01,08l; 09g; 10d
ID060,Cacalo-xochitl,plant,08l,spanish,cacalo-xochitl,Xochitl/flower,p097_01,08l; 09g; 10d
ID060,Cacalo-xochitl,plant,09g,english,cacalo-xochitl,Xochitl/flower,p097_01,08l; 09g; 10d
ID060,Cacalo-xochitl,plant,09g,spanish,cacalo-xochitl,Xochitl/flower,p097_01,08l; 09g; 10d
ID060,Cacalo-xochitl,plant,10d,english,cacalo-xochitl,Xochitl/flower,p097_01,08l; 09g; 10d
ID060,Cacalo-xochitl,plant,10d,spanish,cacalo-xochitl,Xochitl/flower,p097_01,08l; 09g; 10d
ID061,Tlal-cacapol,plant,09m,english,tlal-cacapol,Tlal/earth or ground,nan,09m
ID061,Tlal-cacapol,plant,09m,spanish,tlal-cacapol,Tlal/earth or ground,nan,09m
ID062,Cacaua-xochitl,plant,08j,english,cacau-xochitl,Xochitl/flower,p098_01,08j; 10d; 10e
ID062,Cacaua-xochitl,plant,08j,spanish,cacau-xochitl,Xochitl/flower,p098_01,08j; 10d; 10e
ID062,Cacaua-xochitl,plant,10d,english,cacaua-xochitl,Xochitl/flower,p098_01,08j; 10d; 10e
ID062,Cacaua-xochitl,plant,10d,spanish,cacaua-xochitl,Xochitl/flower,p098_01,08j; 10d; 10e
ID062,Cacaua-xochitl,plant,10e,english,cacaua-xochitl,Xochitl/flower,p098_01,08j; 10d; 10e
ID062,Cacaua-xochitl,plant,10e,spanish,cacaua-xochitl,Xochitl/flower,p098_01,08j; 10d; 10e
ID064,Capolla-xipehualli,plant,09d,english,capolla-xipe-hualli,nan,nan,09d
ID064,Capolla-xipehualli,plant,09d,spanish,capolla-xipe-hualli,nan,nan,09d
ID066,Capul-xihuitl,plant,07k,english,capul-xihuitl,"Xihuitl/herbs, green leaves",nan,07k
ID066,Capul-xihuitl,plant,07k,spanish,capul-xihuitl,"Xihuitl/herbs, green leaves",nan,07k
ID068,Centzon-xochitl,plant,09b,english,centzon-xochitl,Centzon/four hundred or many; Xochitl/flower,p074_01,09b; 09f; 11c
ID068,Centzon-xochitl,plant,09b,spanish,centzon-xochitl,Centzon/four hundred or many; Xochitl/flower,p074_01,09b; 09f; 11c
ID068,Centzon-xochitl,plant,09f,english,centzon-xochitl,Centzon/four hundred or many; Xochitl/flower,p074_01,09b; 09f; 11c
ID068,Centzon-xochitl,plant,09f,spanish,centzon-xochitl,Centzon/four hundred or many; Xochitl/flower,p074_01,09b; 09f; 11c
ID068,Centzon-xochitl,plant,11c,english,centzon-xochitl,Centzon/four hundred or many; Xochitl/flower,p074_01,09b; 09f; 11c
ID068,Centzon-xochitl,plant,11c,spanish,centzon-xochitl,Centzon/four hundred or many; Xochitl/flower,p074_01,09b; 09f; 11c
ID069,Centzon-oco-xochitl,plant,09e,english,centzon-oco-xochitl,Centzon/four hundred or many; Ocotl/pine; Xochitl/flower,nan,09e
ID069,Centzon-oco-xochitl,plant,09e,spanish,centzon-oco-xochitl,Centzon/four hundred or many; Ocotl/pine; Xochitl/flower,nan,09e
ID070,Cihua-patli,plant,11a,english,cihua-patli,Patli/medicine,p106_02,11a
ID070,Cihua-patli,plant,11a,spanish,cihua-patli,Patli/medicine,p106_02,11a
ID071,Cimatl,plant,09m,english,cimatl,nan,nan,09m
ID071,Cimatl,plant,09m,spanish,cimatl,nan,nan,09m
ID072,Coanenepilli,plant,08c,english,cohuanene-pilli,nan,nan,08c; 09f
ID072,Coanenepilli,plant,08c,spanish,cohuanene-pilli,nan,nan,08c; 09f
ID072,Coanenepilli,plant,09f,english,coanenepilli,nan,nan,08c; 09f
ID072,Coanenepilli,plant,09f,spanish,coanenepilli,nan,nan,08c; 09f
ID074,Cohua-xochitl,plant,09e,english,cohua-xochitl,Xochitl/flower,nan,09e
ID074,Cohua-xochitl,plant,09e,spanish,cohua-xochitl,Xochitl/flower,nan,09e
ID076,Cochiz-xihuitl,plant,02g,english,cochiz-xihuitl,"Xihuitl/herbs, green leaves",p020_03,02g
ID076,Cochiz-xihuitl,plant,02g,spanish,cochiz-xihuitl,"Xihuitl/herbs, green leaves",p020_03,02g
ID077,Huihuitzyo-cochiz-xihuitl,plant,02g,english,huihuitzyo-cochiz-xihuitl,"Huitz/needle or thorn; Xihuitl/herbs, green leaves",p020_02,02g
ID077,Huihuitzyo-cochiz-xihuitl,plant,02g,spanish,huihuitzyo-cochiz-xihuitl,"Huitz/needle or thorn; Xihuitl/herbs, green leaves",p020_02,02g
ID078,Cococ-xihuitl,plant,07i,english,cococ-xiuhuitl,"Cococ/hot or spicy; Xihuitl/herbs, green leaves",nan,07i
ID078,Cococ-xihuitl,plant,07i,spanish,cococ-xiuhuitl,"Cococ/hot or spicy; Xihuitl/herbs, green leaves",nan,07i
ID079,Colo-mecatl,plant,09c,english,colo-mecatl,"Mecatl/cord, rope, or vine",p077_01,09c
ID079,Colo-mecatl,plant,09c,spanish,colo-mecatl,"Mecatl/cord, rope, or vine",p077_01,09c
ID081,Coltotzin,plant,12a,english,coltotzin,nan,p113_02,12a
ID081,Coltotzin,plant,12a,spanish,coltotzin,nan,p113_02,12a
ID082,Copaliyac-xiuhtontli,plant,07i,english,copaliyac-xiuhtontli,"Copalli/incense; Xihuitl/herbs, green leaves",nan,07i; 07m
ID082,Copaliyac-xiuhtontli,plant,07i,spanish,copaliyac-xiuhtontli,"Copalli/incense; Xihuitl/herbs, green leaves",nan,07i; 07m
ID082,Copaliyac-xiuhtontli,plant,07m,english,copaliyac-xiuhtontli,"Copalli/incense; Xihuitl/herbs, green leaves",nan,07i; 07m
ID082,Copaliyac-xiuhtontli,plant,07m,spanish,copaliyac-xiuhtontli,"Copalli/incense; Xihuitl/herbs, green leaves",nan,07i; 07m
ID083,Copal-quahuitl,plant,01d,english,copal-quahuitl,Copalli/incense; Quahuitl/tree or wood,nan,01d
ID083,Copal-quahuitl,plant,01d,spanish,copal-quahuitl,Copalli/incense; Quahuitl/tree or wood,nan,01d
ID084,Copal-xocotl,plant,10k,english,copal-xocotl,Copalli/incense; Xocotl/sour fruit,nan,10k
ID084,Copal-xocotl,plant,10k,spanish,copal-xocotl,Copalli/incense; Xocotl/sour fruit,nan,10k
ID085,Coyo-xihuitl,plant,08g,english,coyo-xihuitl,"Coyotl/coyote; Xihuitl/herbs, green leaves",p061_01,08g; 08j; 09e; 09g; 09l
ID085,Coyo-xihuitl,plant,08g,spanish,coyo-xihuitl,"Coyotl/coyote; Xihuitl/herbs, green leaves",p061_01,08g; 08j; 09e; 09g; 09l
ID085,Coyo-xihuitl,plant,08j,english,coyo-xihuitl,"Coyotl/coyote; Xihuitl/herbs, green leaves",p061_01,08g; 08j; 09e; 09g; 09l
ID085,Coyo-xihuitl,plant,08j,spanish,coyo-xihuitl,"Coyotl/coyote; Xihuitl/herbs, green leaves",p061_01,08g; 08j; 09e; 09g; 09l
ID085,Coyo-xihuitl,plant,09e,english,coyo-xihuitl,"Coyotl/coyote; Xihuitl/herbs, green leaves",p061_01,08g; 08j; 09e; 09g; 09l
ID085,Coyo-xihuitl,plant,09e,spanish,coyo-xihuitl,"Coyotl/coyote; Xihuitl/herbs, green leaves",p061_01,08g; 08j; 09e; 09g; 09l
ID085,Coyo-xihuitl,plant,09g,english,coyo-xihuitl,"Coyotl/coyote; Xihuitl/herbs, green leaves",p061_01,08g; 08j; 09e; 09g; 09l
ID085,Coyo-xihuitl,plant,09g,spanish,coyo-xihuitl,"Coyotl/coyote; Xihuitl/herbs, green leaves",p061_01,08g; 08j; 09e; 09g; 09l
ID085,Coyo-xihuitl,plant,09l,english,coyo-xihuitl,"Coyotl/coyote; Xihuitl/herbs, green leaves",p061_01,08g; 08j; 09e; 09g; 09l
ID085,Coyo-xihuitl,plant,09l,spanish,coyo-xihuitl,"Coyotl/coyote; Xihuitl/herbs, green leaves",p061_01,08g; 08j; 09e; 09g; 09l
ID087,Cuecuetz-patli,plant,09h,english,cuecuetz-patli,Patli/medicine,nan,09h
ID087,Cuecuetz-patli,plant,09h,spanish,cuecuetz-patli,Patli/medicine,nan,09h
ID088,Chian,plant,08c,english,chian,nan,nan,08c
ID088,Chian,plant,08c,spanish,chian,nan,nan,08c
ID090,Chichiltic xiuhtontli,plant,11e,english,chichiltic xiuhtontli,"Chichiltic/red; Xihuitl/herbs, green leaves",nan,11e
ID090,Chichiltic xiuhtontli,plant,11e,spanish,chichiltic xiuhtontli,"Chichiltic/red; Xihuitl/herbs, green leaves",nan,11e
ID091,Chicom-acatl,plant,09f,english,chicom-catl,Acatl/reed,nan,09f
ID091,Chicom-acatl,plant,09f,spanish,chicom-catl,Acatl/reed,nan,09f
ID092,Chipauac xihuitl,plant,01b,english,chipauac,"Xihuitl/herbs, green leaves",p008_01,01b
ID092,Chipauac xihuitl,plant,01b,spanish,chipauac,"Xihuitl/herbs, green leaves",p008_01,01b
ID093,Chiyava xihuitl,plant,10g,english,chiyava-xihuitl,"Xihuitl/herbs, green leaves",p100_01,10g
ID093,Chiyava xihuitl,plant,10g,spanish,chiyava-xihuitl,"Xihuitl/herbs, green leaves",p100_01,10g
ID094,Huacal-xochitl,plant,02b,english,huacal-xochitl,Xochitl/flower,p030_01,02b; 05e; 07b; 08l; 10k
ID094,Huacal-xochitl,plant,02b,spanish,huacal-xochitl,Xochitl/flower,p030_01,02b; 05e; 07b; 08l; 10k
ID094,Huacal-xochitl,plant,05e,english,huacal-xochitl,Xochitl/flower,p030_01,02b; 05e; 07b; 08l; 10k
ID094,Huacal-xochitl,plant,05e,spanish,huacal-xochitl,Xochitl/flower,p030_01,02b; 05e; 07b; 08l; 10k
ID094,Huacal-xochitl,plant,07b,english,huacal-xochitl,Xochitl/flower,p030_01,02b; 05e; 07b; 08l; 10k
ID094,Huacal-xochitl,plant,07b,spanish,huacal-xochitl,Xochitl/flower,p030_01,02b; 05e; 07b; 08l; 10k
ID094,Huacal-xochitl,plant,08l,english,huacal-xochitl,Xochitl/flower,p030_01,02b; 05e; 07b; 08l; 10k
ID094,Huacal-xochitl,plant,08l,spanish,huacal-xochitl,Xochitl/flower,p030_01,02b; 05e; 07b; 08l; 10k
ID094,Huacal-xochitl,plant,10k,english,huacal-xochitl,Xochitl/flower,p030_01,02b; 05e; 07b; 08l; 10k
ID094,Huacal-xochitl,plant,10k,spanish,huacal-xochitl,Xochitl/flower,p030_01,02b; 05e; 07b; 08l; 10k
ID096,Tlal-huaxin,plant,08a,english,tlal-huaxin,Tlal/earth or ground,nan,08a
ID096,Tlal-huaxin,plant,08a,spanish,tlal-huaxin,Tlal/earth or ground,nan,08a
ID097,Huelic-patli,plant,07n,english,huelic-patli,Patli/medicine,nan,07n
ID097,Huelic-patli,plant,07n,spanish,huelic-patli,Patli/medicine,nan,07n
ID099,Huey-nacaztli,plant,08l,english,huey-nacaztli,nan,nan,08l; 10k
ID099,Huey-nacaztli,plant,08l,spanish,huey-nacaztli,nan,nan,08l; 10k
ID099,Huey-nacaztli,plant,10k,english,huey-nacaztli,nan,nan,08l; 10k
ID099,Huey-nacaztli,plant,10k,spanish,huey-nacaztli,nan,nan,08l; 10k
ID100,Huitz-colotli,plant,05h,english,huitz-colo-xochitl,Huitz/needle or thorn,p033_02,05h
ID100,Huitz-colotli,plant,05h,spanish,huitz-colo-xochitl,Huitz/needle or thorn,p033_02,05h
ID101,Huihuitz-mallotic,plant,07j,english,huitz-mallotic,Huitz/needle or thorn,nan,07j; 08c
ID101,Huihuitz-mallotic,plant,07j,spanish,huitz-mallotic,Huitz/needle or thorn,nan,07j; 08c
ID101,Huihuitz-mallotic,plant,08c,english,huihuitz-mallotic,Huitz/needle or thorn,nan,07j; 08c
ID101,Huihuitz-mallotic,plant,08c,spanish,huihuitz-mallotic,Huitz/needle or thorn,nan,07j; 08c
ID103,Huitz-quilitl,plant,01d,english,huitz-quilitl,Huitz/needle or thorn; Quilitl/edible green,p010_02,01d; 09e; 09p
ID103,Huitz-quilitl,plant,01d,spanish,huitz-quilitl,Huitz/needle or thorn; Quilitl/edible green,p010_02,01d; 09e; 09p
ID103,Huitz-quilitl,plant,09e,english,huitz-quilitl,Huitz/needle or thorn; Quilitl/edible green,p010_02,01d; 09e; 09p
ID103,Huitz-quilitl,plant,09e,spanish,huitz-quilitl,Huitz/needle or thorn; Quilitl/edible green,p010_02,01d; 09e; 09p
ID103,Huitz-quilitl,plant,09p,english,huitz-quilitl,Huitz/needle or thorn; Quilitl/edible green,p010_02,01d; 09e; 09p
ID103,Huitz-quilitl,plant,09p,spanish,huitz-quilitl,Huitz/needle or thorn; Quilitl/edible green,p010_02,01d; 09e; 09p
ID104,Quauhtla huitz-quilitl,plant,07m,english,quauhtla huitz-quilitl,Huitz/needle or thorn; Quahuitl/tree or wood; Quilitl/edible green,p073_01,07m; 09a
ID104,Quauhtla huitz-quilitl,plant,07m,spanish,quauhtla huitz-quilitl,Huitz/needle or thorn; Quahuitl/tree or wood; Quilitl/edible green,p073_01,07m; 09a
ID104,Quauhtla huitz-quilitl,plant,09a,english,quauhtla huitz-quilitl,Huitz/needle or thorn; Quahuitl/tree or wood; Quilitl/edible green,p073_01,07m; 09a
ID104,Quauhtla huitz-quilitl,plant,09a,spanish,quauhtla huitz-quilitl,Huitz/needle or thorn; Quahuitl/tree or wood; Quilitl/edible green,p073_01,07m; 09a
ID105,Huitzihtzil-xochitl,plant,08k,english,huitzihtzil-xochitl,Huitzihtzil/colibri; Xochitl/flower,p066_01,08k; 12a
ID105,Huitzihtzil-xochitl,plant,08k,spanish,huitzihtzil-xochitl,Huitzihtzil/colibri; Xochitl/flower,p066_01,08k; 12a
ID105,Huitzihtzil-xochitl,plant,12a,english,huitzitzil-xochitl,Huitzihtzil/colibri; Xochitl/flower,p066_01,08k; 12a
ID105,Huitzihtzil-xochitl,plant,12a,spanish,huitzitzil-xochitl,Huitzihtzil/colibri; Xochitl/flower,p066_01,08k; 12a
ID106,Macpal-xochitl,plant,08a,english,macpal-xochitl,Xochitl/flower,nan,08a
ID106,Macpal-xochitl,plant,08a,spanish,macpal-xochitl,Xochitl/flower,nan,08a
ID107,Malinalli,plant,02e,english,malinalli,nan,p018_01,02e; 05h; 11c
ID107,Malinalli,plant,02e,spanish,malinalli,nan,p018_01,02e; 05h; 11c
ID107,Malinalli,plant,05h,english,malinalli,nan,p018_01,02e; 05h; 11c
ID107,Malinalli,plant,05h,spanish,malinalli,nan,p018_01,02e; 05h; 11c
ID107,Malinalli,plant,11c,english,malinalli,nan,p018_01,02e; 05h; 11c
ID107,Malinalli,plant,11c,spanish,malinalli,nan,p018_01,02e; 05h; 11c
ID108,Mamaxtla,plant,08c,english,mamaxtla,nan,nan,08c; 08d
ID108,Mamaxtla,plant,08c,spanish,mamaxtla,nan,nan,08c; 08d
ID108,Mamaxtla,plant,08d,english,mamaxtla,nan,nan,08c; 08d
ID108,Mamaxtla,plant,08d,spanish,mamaxtla,nan,nan,08c; 08d
ID109,Mamaxtla-nelhuatl,plant,09b,english,mamaxtla-nelhuatl,nan,nan,09b
ID109,Mamaxtla-nelhuatl,plant,09b,spanish,mamaxtla-nelhuatl,nan,nan,09b
ID110,Matlal-xochitl,plant,02b,english,matlal-xochitl,Xochitl/flower,p014_02,02b
ID110,Matlal-xochitl,plant,02b,spanish,matlal-xochitl,Xochitl/flower,p014_02,02b
ID112,Maza-yelli,plant,03a,english,maza-yelli,nan,p022_01,03a
ID112,Maza-yelli,plant,03a,spanish,maza-yelli,nan,p022_01,03a
ID113,Meca-xochitl,plant,08l,english,meca-xochitl,"Mecatl/cord, rope, or vine; Xochitl/flower",p104_01,08l; 10k
ID113,Meca-xochitl,plant,08l,spanish,meca-xochitl,"Mecatl/cord, rope, or vine; Xochitl/flower",p104_01,08l; 10k
ID113,Meca-xochitl,plant,10k,english,meca-xochitl,"Mecatl/cord, rope, or vine; Xochitl/flower",p104_01,08l; 10k
ID113,Meca-xochitl,plant,10k,spanish,meca-xochitl,"Mecatl/cord, rope, or vine; Xochitl/flower",p104_01,08l; 10k
ID116,Mexix-quilitl,plant,06a,english,mexix-quilitl,Quilitl/edible green,nan,06a
ID116,Mexix-quilitl,plant,06a,spanish,mexix-quilitl,Quilitl/edible green,nan,06a
ID117,Michi-huauhtli,plant,12a,english,michi-huauhtli,Michi/fish,nan,12a
ID117,Michi-huauhtli,plant,12a,spanish,michi-huauhtli,Michi/fish,nan,12a
ID118,Mizquitl,plant,02b,english,mizquitl,Misquitl/mesquite,nan,02b
ID118,Mizquitl,plant,02b,spanish,mizquitl,Misquitl/mesquite,nan,02b
ID121,Nexehuac,plant,07e,english,nexehuac,nan,p049_02,07e
ID121,Nexehuac,plant,07e,spanish,nexehuac,nan,p049_02,07e
ID122,Nocheztli,plant,06c,english,nocheztli,Nochtli/prickly pear,nan,06c
ID122,Nocheztli,plant,06c,spanish,nocheztli,Nochtli/prickly pear,nan,06c
ID123,Nochtli,plant,11a,english,nochtli,Nochtli/prickly pear,nan,11a
ID123,Nochtli,plant,11a,spanish,nochtli,Nochtli/prickly pear,nan,11a
ID124,Teo-nochtli,plant,05c,english,teo-nochtli,Nochtli/prickly pear; Teo/divine,p028_01,05c
ID124,Teo-nochtli,plant,05c,spanish,teo-nochtli,Nochtli/prickly pear; Teo/divine,p028_01,05c
ID126,Nonochton azcapanixua,plant,07c,english,nonochton,nan,nan,07c
ID126,Nonochton azcapanixua,plant,07c,spanish,nonochton,nan,nan,07c
ID127,Nopalli,plant,09p,english,nohpalli,Nopalli/nopal,nan,09p
ID127,Nopalli,plant,09p,spanish,nohpalli,Nopalli/nopal,nan,09p
ID128,Papalo-quilitl,plant,06a,english,papalo-quilitl,Papalo/butterfly; Quilitl/edible green,nan,06a; 07b; 09q; 10f
ID128,Papalo-quilitl,plant,06a,spanish,papalo-quilitl,Papalo/butterfly; Quilitl/edible green,nan,06a; 07b; 09q; 10f
ID128,Papalo-quilitl,plant,07b,english,papalo-quilitl,Papalo/butterfly; Quilitl/edible green,nan,06a; 07b; 09q; 10f
ID128,Papalo-quilitl,plant,07b,spanish,papalo-quilitl,Papalo/butterfly; Quilitl/edible green,nan,06a; 07b; 09q; 10f
ID128,Papalo-quilitl,plant,09q,english,papalo-quilitl,Papalo/butterfly; Quilitl/edible green,nan,06a; 07b; 09q; 10f
ID128,Papalo-quilitl,plant,09q,spanish,papalo-quilitl,Papalo/butterfly; Quilitl/edible green,nan,06a; 07b; 09q; 10f
ID128,Papalo-quilitl,plant,10f,english,papalo-quilitl,Papalo/butterfly; Quilitl/edible green,nan,06a; 07b; 09q; 10f
ID128,Papalo-quilitl,plant,10f,spanish,papalo-quilitl,Papalo/butterfly; Quilitl/edible green,nan,06a; 07b; 09q; 10f
ID129,Patlahuac tzitzicaztli,plant,09k,english,patlahuac tzitzicaztli,nan,nan,09k
ID129,Patlahuac tzitzicaztli,plant,09k,spanish,patlahuac tzitzicaztli,nan,nan,09k
ID130,Piciyetl,plant,07l,english,pizietl,nan,nan,07l; 09h
ID130,Piciyetl,plant,07l,spanish,pizietl,nan,nan,07l; 09h
ID130,Piciyetl,plant,09h,english,piciyetl,nan,nan,07l; 09h
ID130,Piciyetl,plant,09h,spanish,piciyetl,nan,nan,07l; 09h
ID131,Piltzinte-couh-xochitl,plant,08f,english,piltzin-tecouh-xochitl,Xochitl/flower,p062_01; p067_02,08f; 08j
ID131,Piltzinte-couh-xochitl,plant,08f,spanish,piltzin-tecouh-xochitl,Xochitl/flower,p062_01; p067_02,08f; 08j
ID131,Piltzinte-couh-xochitl,plant,08j,english,piltzin-tecouh-xochitl,Xochitl/flower,p062_01; p067_02,08f; 08j
ID131,Piltzinte-couh-xochitl,plant,08j,spanish,piltzin-tecouh-xochitl,Xochitl/flower,p062_01; p067_02,08f; 08j
ID132,Pozahualiz-xiuhtontli,plant,11d,english,pozahualiz-xiuhtontli,"Xihuitl/herbs, green leaves",p110_01,11d
ID132,Pozahualiz-xiuhtontli,plant,11d,spanish,pozahualiz-xiuhtontli,"Xihuitl/herbs, green leaves",p110_01,11d
ID133,Quappo-quietl,plant,08f,english,quappo-quietl,nan,p062_02,08f
ID133,Quappo-quietl,plant,08f,spanish,quappo-quietl,nan,p062_02,08f
ID134,Quauh-alahuac,plant,11a,english,quauh-alahuac,Quahuitl/tree or wood,p106_01,11a; 11c
ID134,Quauh-alahuac,plant,11a,spanish,quauh-alahuac,Quahuitl/tree or wood,p106_01,11a; 11c
ID134,Quauh-alahuac,plant,11c,english,quauh-alahuac,Quahuitl/tree or wood,p106_01,11a; 11c
ID134,Quauh-alahuac,plant,11c,spanish,nan,Quahuitl/tree or wood,p106_01,11a; 11c
ID135,Quauh-yayahual,plant,09g,english,quauh-yayahual,Quahuitl/tree or wood,p095_01,09g; 10b
ID135,Quauh-yayahual,plant,09g,spanish,quauh-yayahual,Quahuitl/tree or wood,p095_01,09g; 10b
ID135,Quauh-yayahual,plant,10b,english,quauh-yayahual,Quahuitl/tree or wood,p095_01,09g; 10b
ID135,Quauh-yayahual,plant,10b,spanish,quauh-yayahual,Quahuitl/tree or wood,p095_01,09g; 10b
ID139,Quauh-patli,plant,09m,english,quauh-patli,Patli/medicine; Quahuitl/tree or wood,nan,09m
ID139,Quauh-patli,plant,09m,spanish,quauh-patli,Patli/medicine; Quahuitl/tree or wood,nan,09m
ID140,Quauh-tzitzicaztli,plant,09k,english,quauh-tzitzicaztli,Quahuitl/tree or wood,nan,09k
ID140,Quauh-tzitzicaztli,plant,09k,spanish,quauh-tzitzicaztli,Quahuitl/tree or wood,nan,09k
ID141,Quauh-xiyotl,plant,09g,english,quauh-xiyotl,Quahuitl/tree or wood; Xiyotl/young maize ear,nan,09g
ID141,Quauh-xiyotl,plant,09g,spanish,quauh-xiyotl,Quahuitl/tree or wood; Xiyotl/young maize ear,nan,09g
ID143,Quetzal-ahuexotl,plant,11a,english,a-huexotl,"Quetzal/precious, feathered, or green",p106_03,11a
ID143,Quetzal-ahuexotl,plant,11a,spanish,a-huexotl,"Quetzal/precious, feathered, or green",p106_03,11a
ID145,Quetzal-atzonyatl,plant,10a,english,quetzal-atzonyatl,"Quetzal/precious, feathered, or green",p094_01,10a
ID145,Quetzal-atzonyatl,plant,10a,spanish,quetzal-atzonyatl,"Quetzal/precious, feathered, or green",p094_01,10a
ID147,Quetzal-misquitl,plant,08f,english,quetzal-mizquitl,"Misquitl/mesquite; Quetzal/precious, feathered, or green",nan,08f; 09m
ID147,Quetzal-misquitl,plant,08f,spanish,quetzal-mizquitl,"Misquitl/mesquite; Quetzal/precious, feathered, or green",nan,08f; 09m
ID147,Quetzal-misquitl,plant,09m,english,quetzal-mizquitl,"Misquitl/mesquite; Quetzal/precious, feathered, or green",nan,08f; 09m
ID147,Quetzal-misquitl,plant,09m,spanish,quetzal-mizquitl,"Misquitl/mesquite; Quetzal/precious, feathered, or green",nan,08f; 09m
ID148,Quetzal-xoxouca-patli,plant,08j,english,quetzal-xoxouhca-patli,"Patli/medicine; Quetzal/precious, feathered, or green; Xocotl/sour fruit",nan,08j
ID148,Quetzal-xoxouca-patli,plant,08j,spanish,quetzal-xoxouhca-patli,"Patli/medicine; Quetzal/precious, feathered, or green; Xocotl/sour fruit",nan,08j
ID149,Quetzal-xoxouhca-patli tzotzotlani,plant,08j,english,tzotzotlani,"Patli/medicine; Quetzal/precious, feathered, or green; Xocotl/sour fruit",nan,08j
ID149,Quetzal-xoxouhca-patli tzotzotlani,plant,08j,spanish,tzotzotlani,"Patli/medicine; Quetzal/precious, feathered, or green; Xocotl/sour fruit",nan,08j
ID150,Te-amoxtli,plant,01a,english,te-amoxtli,Amatl/paper; Te/stone,p007_03; p029_02,01a; 05d; 05e; 08b; 08g; 09f; 09p; 09q; 12b
ID150,Te-amoxtli,plant,01a,spanish,te-amoxtli,Amatl/paper; Te/stone,p007_03; p029_02,01a; 05d; 05e; 08b; 08g; 09f; 09p; 09q; 12b
ID150,Te-amoxtli,plant,05d,english,te-amoxtli,Amatl/paper; Te/stone,p007_03; p029_02,01a; 05d; 05e; 08b; 08g; 09f; 09p; 09q; 12b
ID150,Te-amoxtli,plant,05d,spanish,te-amoxtli,Amatl/paper; Te/stone,p007_03; p029_02,01a; 05d; 05e; 08b; 08g; 09f; 09p; 09q; 12b
ID150,Te-amoxtli,plant,05e,english,te-amoxtli,Amatl/paper; Te/stone,p007_03; p029_02,01a; 05d; 05e; 08b; 08g; 09f; 09p; 09q; 12b
ID150,Te-amoxtli,plant,05e,spanish,te-amoxtli,Amatl/paper; Te/stone,p007_03; p029_02,01a; 05d; 05e; 08b; 08g; 09f; 09p; 09q; 12b
ID150,Te-amoxtli,plant,08b,english,te-amoxtli,Amatl/paper; Te/stone,p007_03; p029_02,01a; 05d; 05e; 08b; 08g; 09f; 09p; 09q; 12b
ID150,Te-amoxtli,plant,08b,spanish,te-amoxtli,Amatl/paper; Te/stone,p007_03; p029_02,01a; 05d; 05e; 08b; 08g; 09f; 09p; 09q; 12b
ID150,Te-amoxtli,plant,08g,english,te-amoxtli,Amatl/paper; Te/stone,p007_03; p029_02,01a; 05d; 05e; 08b; 08g; 09f; 09p; 09q; 12b
ID150,Te-amoxtli,plant,08g,spanish,te-amoxtli,Amatl/paper; Te/stone,p007_03; p029_02,01a; 05d; 05e; 08b; 08g; 09f; 09p; 09q; 12b
ID150,Te-amoxtli,plant,09f,english,te-amoxtli,Amatl/paper; Te/stone,p007_03; p029_02,01a; 05d; 05e; 08b; 08g; 09f; 09p; 09q; 12b
ID150,Te-amoxtli,plant,09f,spanish,te-amoxtli,Amatl/paper; Te/stone,p007_03; p029_02,01a; 05d; 05e; 08b; 08g; 09f; 09p; 09q; 12b
ID150,Te-amoxtli,plant,09p,english,te-amoxtli,Amatl/paper; Te/stone,p007_03; p029_02,01a; 05d; 05e; 08b; 08g; 09f; 09p; 09q; 12b
ID150,Te-amoxtli,plant,09p,spanish,te-amoxtli,Amatl/paper; Te/stone,p007_03; p029_02,01a; 05d; 05e; 08b; 08g; 09f; 09p; 09q; 12b
ID150,Te-amoxtli,plant,09q,english,te-amoxtli,Amatl/paper; Te/stone,p007_03; p029_02,01a; 05d; 05e; 08b; 08g; 09f; 09p; 09q; 12b
ID150,Te-amoxtli,plant,09q,spanish,te-amoxtli,Amatl/paper; Te/stone,p007_03; p029_02,01a; 05d; 05e; 08b; 08g; 09f; 09p; 09q; 12b
ID150,Te-amoxtli,plant,12b,english,te-amoxtli,Amatl/paper; Te/stone,p007_03; p029_02,01a; 05d; 05e; 08b; 08g; 09f; 09p; 09q; 12b
ID150,Te-amoxtli,plant,12b,spanish,te-amoxtli,Amatl/paper; Te/stone,p007_03; p029_02,01a; 05d; 05e; 08b; 08g; 09f; 09p; 09q; 12b
ID154,Te-memetla,plant,06c,english,tememetla,Te/stone,nan,06c
ID154,Te-memetla,plant,06c,spanish,tememetla,Te/stone,nan,06c
ID155,Teo-amatl,plant,09c,english,teo-amatl,Amatl/paper; Teo/divine,nan,09c; 09d; 09h
ID155,Teo-amatl,plant,09c,spanish,teo-amatl,Amatl/paper; Teo/divine,nan,09c; 09d; 09h
ID155,Teo-amatl,plant,09d,english,teo-amatl,Amatl/paper; Teo/divine,nan,09c; 09d; 09h
ID155,Teo-amatl,plant,09d,spanish,teo-amatl,Amatl/paper; Teo/divine,nan,09c; 09d; 09h
ID155,Teo-amatl,plant,09h,english,teo-amatl,Amatl/paper; Teo/divine,nan,09c; 09d; 09h
ID155,Teo-amatl,plant,09h,spanish,teo-amatl,Amatl/paper; Teo/divine,nan,09c; 09d; 09h
ID157,Teo-xihuitl v1,plant,07c,english,teo-xihuitl,"Teo/divine; Xihuitl/herbs, green leaves",nan,07c
ID157,Teo-xihuitl v1,plant,07c,spanish,teo-xihuitl,"Teo/divine; Xihuitl/herbs, green leaves",nan,07c
ID160,Tepe-chian,plant,08e,english,tepe-chian,Tepe/hill or mountain,nan,08e; 08f; 08g; 08j; 09b; 09g
ID160,Tepe-chian,plant,08e,spanish,tepe-chian,Tepe/hill or mountain,nan,08e; 08f; 08g; 08j; 09b; 09g
ID160,Tepe-chian,plant,08f,english,tepe-chian,Tepe/hill or mountain,nan,08e; 08f; 08g; 08j; 09b; 09g
ID160,Tepe-chian,plant,08f,spanish,tepe-chian,Tepe/hill or mountain,nan,08e; 08f; 08g; 08j; 09b; 09g
ID160,Tepe-chian,plant,08g,english,tepe-chian,Tepe/hill or mountain,nan,08e; 08f; 08g; 08j; 09b; 09g
ID160,Tepe-chian,plant,08g,spanish,tepe-chian,Tepe/hill or mountain,nan,08e; 08f; 08g; 08j; 09b; 09g
ID160,Tepe-chian,plant,08j,english,tepe-chian,Tepe/hill or mountain,nan,08e; 08f; 08g; 08j; 09b; 09g
ID160,Tepe-chian,plant,08j,spanish,tepe-chian,Tepe/hill or mountain,nan,08e; 08f; 08g; 08j; 09b; 09g
ID160,Tepe-chian,plant,09b,english,tepe-chian,Tepe/hill or mountain,nan,08e; 08f; 08g; 08j; 09b; 09g
ID160,Tepe-chian,plant,09b,spanish,tepe-chian,Tepe/hill or mountain,nan,08e; 08f; 08g; 08j; 09b; 09g
ID160,Tepe-chian,plant,09g,english,tepe-chian,Tepe/hill or mountain,nan,08e; 08f; 08g; 08j; 09b; 09g
ID160,Tepe-chian,plant,09g,spanish,tepe-chian,Tepe/hill or mountain,nan,08e; 08f; 08g; 08j; 09b; 09g
ID163,Tequam-maitl,plant,01d,english,tequam-maitl,nan,p010_03,01d
ID163,Tequam-maitl,plant,01d,spanish,tequam-maitl,nan,p010_03,01d
ID164,Tequixqui-zacatl,plant,02f,english,tequixqui-zacatl,Zacatl/grass,p019_02,02f
ID164,Tequixqui-zacatl,plant,02f,spanish,tequixqui-zacatl,Zacatl/grass,p019_02,02f
ID165,Te-tzapotl,plant,08a,english,te-tzapotl,Te/stone,nan,08a; 08b
ID165,Te-tzapotl,plant,08a,spanish,te-tzapotl,Te/stone,nan,08a; 08b
ID165,Te-tzapotl,plant,08b,english,te-tzapotl,Te/stone,nan,08a; 08b
ID165,Te-tzapotl,plant,08b,spanish,te-tzapotl,Te/stone,nan,08a; 08b
ID166,Te-tzitzicaztli,plant,09k,english,te-tzitzicaztli,Te/stone,nan,09k
ID166,Te-tzitzicaztli,plant,09k,spanish,te-tzitzicaztli,Te/stone,nan,09k
ID167,Te-tzitzilin,plant,10a,english,te-tzilin,Te/stone,p094_03,10a
ID167,Te-tzitzilin,plant,10a,spanish,te-tzilin,Te/stone,p094_03,10a
ID168,Te-xiyotl,plant,06c,english,te-xiyotl,Te/stone; Xiyotl/young maize ear,nan,06c; 09p
ID168,Te-xiyotl,plant,06c,spanish,te-xiyotl,Te/stone; Xiyotl/young maize ear,nan,06c; 09p
ID168,Te-xiyotl,plant,09p,english,te-xiyotl,Te/stone; Xiyotl/young maize ear,nan,06c; 09p
ID168,Te-xiyotl,plant,09p,spanish,te-xiyotl,Te/stone; Xiyotl/young maize ear,nan,06c; 09p
ID170,Tetezhuatic,plant,06e,english,te-tezhuatic,nan,nan,06e
ID170,Tetezhuatic,plant,06e,spanish,te-tezhuatic,nan,nan,06e
ID171,Tetzmi-nopalli,plant,05g,english,tetzmi-nopalli,Nopalli/nopal,nan,05g
ID171,Tetzmi-nopalli,plant,05g,spanish,tetzmi-nopalli,Nopalli/nopal,nan,05g
ID172,Tetzmitl,plant,02f,english,tetzmitl,nan,p019_01,02f; 09b; 09e; 09l; 09p
ID172,Tetzmitl,plant,02f,spanish,tetzmitl,nan,p019_01,02f; 09b; 09e; 09l; 09p
ID172,Tetzmitl,plant,09b,english,tetzmitl,nan,p019_01,02f; 09b; 09e; 09l; 09p
ID172,Tetzmitl,plant,09b,spanish,tetzmitl,nan,p019_01,02f; 09b; 09e; 09l; 09p
ID172,Tetzmitl,plant,09e,english,tetzmitl,nan,p019_01,02f; 09b; 09e; 09l; 09p
ID172,Tetzmitl,plant,09e,spanish,tetzmitl,nan,p019_01,02f; 09b; 09e; 09l; 09p
ID172,Tetzmitl,plant,09l,english,tetzmitl,nan,p019_01,02f; 09b; 09e; 09l; 09p
ID172,Tetzmitl,plant,09l,spanish,tetzmitl,nan,p019_01,02f; 09b; 09e; 09l; 09p
ID172,Tetzmitl,plant,09p,english,tetzmitl,nan,p019_01,02f; 09b; 09e; 09l; 09p
ID172,Tetzmitl,plant,09p,spanish,tetzmitl,nan,p019_01,02f; 09b; 09e; 09l; 09p
ID173,Tetzmi-xochitl,plant,01d,english,tetzmi-xochitl,Xochitl/flower,nan,01d; 08d
ID173,Tetzmi-xochitl,plant,01d,spanish,tetzmi-xochitl,Xochitl/flower,nan,01d; 08d
ID173,Tetzmi-xochitl,plant,08d,english,tetzmi-xochitl,Xochitl/flower,nan,01d; 08d
ID173,Tetzmi-xochitl,plant,08d,spanish,tetzmi-xochitl,Xochitl/flower,nan,01d; 08d
ID176,Tezon-patli,plant,01d,english,tezon-patli,Patli/medicine,p010_01,01d
ID176,Tezon-patli,plant,01d,spanish,tezon-patli,Patli/medicine,p010_01,01d
ID178,Tolohua xihuitl,plant,03a,english,tolova,"Xihuitl/herbs, green leaves",p049_01,03a; 06f; 06g; 07e; 08a; 08i; 08j; 09n
ID178,Tolohua xihuitl,plant,03a,spanish,tolova,"Xihuitl/herbs, green leaves",p049_01,03a; 06f; 06g; 07e; 08a; 08i; 08j; 09n
ID178,Tolohua xihuitl,plant,06f,english,tolova,"Xihuitl/herbs, green leaves",p049_01,03a; 06f; 06g; 07e; 08a; 08i; 08j; 09n
ID178,Tolohua xihuitl,plant,06f,spanish,tolova,"Xihuitl/herbs, green leaves",p049_01,03a; 06f; 06g; 07e; 08a; 08i; 08j; 09n
ID178,Tolohua xihuitl,plant,06g,english,tolohua,"Xihuitl/herbs, green leaves",p049_01,03a; 06f; 06g; 07e; 08a; 08i; 08j; 09n
ID178,Tolohua xihuitl,plant,06g,spanish,tolohua,"Xihuitl/herbs, green leaves",p049_01,03a; 06f; 06g; 07e; 08a; 08i; 08j; 09n
ID178,Tolohua xihuitl,plant,07e,english,tolohua,"Xihuitl/herbs, green leaves",p049_01,03a; 06f; 06g; 07e; 08a; 08i; 08j; 09n
ID178,Tolohua xihuitl,plant,07e,spanish,tolohua,"Xihuitl/herbs, green leaves",p049_01,03a; 06f; 06g; 07e; 08a; 08i; 08j; 09n
ID178,Tolohua xihuitl,plant,08a,english,tolohua,"Xihuitl/herbs, green leaves",p049_01,03a; 06f; 06g; 07e; 08a; 08i; 08j; 09n
ID178,Tolohua xihuitl,plant,08a,spanish,tolohua,"Xihuitl/herbs, green leaves",p049_01,03a; 06f; 06g; 07e; 08a; 08i; 08j; 09n
ID178,Tolohua xihuitl,plant,08i,english,tolohua,"Xihuitl/herbs, green leaves",p049_01,03a; 06f; 06g; 07e; 08a; 08i; 08j; 09n
ID178,Tolohua xihuitl,plant,08i,spanish,tolohua,"Xihuitl/herbs, green leaves",p049_01,03a; 06f; 06g; 07e; 08a; 08i; 08j; 09n
ID178,Tolohua xihuitl,plant,08j,english,tolohua,"Xihuitl/herbs, green leaves",p049_01,03a; 06f; 06g; 07e; 08a; 08i; 08j; 09n
ID178,Tolohua xihuitl,plant,08j,spanish,tolohua,"Xihuitl/herbs, green leaves",p049_01,03a; 06f; 06g; 07e; 08a; 08i; 08j; 09n
ID178,Tolohua xihuitl,plant,09n,english,tolohua,"Xihuitl/herbs, green leaves",p049_01,03a; 06f; 06g; 07e; 08a; 08i; 08j; 09n
ID178,Tolohua xihuitl,plant,09n,spanish,tolohua,"Xihuitl/herbs, green leaves",p049_01,03a; 06f; 06g; 07e; 08a; 08i; 08j; 09n
ID179,Tlapatl,plant,03a,english,tlapatl,nan,nan,03a
ID179,Tlapatl,plant,03a,spanish,tlapatl,nan,nan,03a
ID180,Tol-patlactli,plant,05d,english,tol-patlactli,Patli/medicine,p029_03,05d; 09e
ID180,Tol-patlactli,plant,05d,spanish,tol-patlactli,Patli/medicine,p029_03,05d; 09e
ID180,Tol-patlactli,plant,09e,english,tol-patlctli,Patli/medicine,p029_03,05d; 09e
ID180,Tol-patlactli,plant,09e,spanish,tol-patlctli,Patli/medicine,p029_03,05d; 09e
ID181,Tomaz-quitl,plant,08l,english,tomazquitl,nan,p069_02,08l
ID181,Tomaz-quitl,plant,08l,spanish,tomazquitl,nan,p069_02,08l
ID182,Tonaca-xochitl,plant,10f,english,tonaca-xochitl,Xochitl/flower,p099_02,10f
ID182,Tonaca-xochitl,plant,10f,spanish,tonaca-xochitl,Xochitl/flower,p099_02,10f
ID185,Ayauh-tonan-yxiuh,plant,10f,english,ayauh-tonan-yxiuh,"Ayauh/mist or fog; Xihuitl/herbs, green leaves",p099_03,10f
ID185,Ayauh-tonan-yxiuh,plant,10f,spanish,ayauh-tonan-yxiuh,"Ayauh/mist or fog; Xihuitl/herbs, green leaves",p099_03,10f
ID187,Topozan,plant,09g,english,topozan,nan,nan,09g
ID187,Topozan,plant,09g,spanish,topozan,nan,nan,09g
ID189,Totoloctzin,plant,10f,english,totoloctzin,nan,p099_01,10f
ID189,Totoloctzin,plant,10f,spanish,totoloctzin,nan,p099_01,10f
ID190,Tlaca-camotli,plant,07d,english,tlaca-camotli,Tlacatl/person,nan,07d; 09e
ID190,Tlaca-camotli,plant,07d,spanish,tlaca-camotli,Tlacatl/person,nan,07d; 09e
ID190,Tlaca-camotli,plant,09e,english,tlaca-camotli,Tlacatl/person,nan,07d; 09e
ID190,Tlaca-camotli,plant,09e,spanish,tlaca-camotli,Tlacatl/person,nan,07d; 09e
ID192,Tlaco-amatl,plant,07k,english,tlacomatl,Amatl/paper; Tlaco/half or middle,nan,07k
ID192,Tlaco-amatl,plant,07k,spanish,tlacomatl,Amatl/paper; Tlaco/half or middle,nan,07k
ID193,Tlaco-ecapatli,plant,09l,english,tlaco-eca-patli,Ecatl/wind; Tlaco/half or middle,nan,09l
ID193,Tlaco-ecapatli,plant,09l,spanish,tlaco-eca-patli,Ecatl/wind; Tlaco/half or middle,nan,09l
ID194,Tlaco-izqui-xochitl,plant,02b,english,tlaco-izqui-xochitl,Tlaco/half or middle; Xochitl/flower,nan,02b
ID194,Tlaco-izqui-xochitl,plant,02b,spanish,tlaco-izqui-xochitl,Tlaco/half or middle; Xochitl/flower,nan,02b
ID195,Tlaco-popotli,plant,11c,english,tlaco-popotl,Tlaco/half or middle,p108_02,11c
ID195,Tlaco-popotli,plant,11c,spanish,tlaco-popotl,Tlaco/half or middle,p108_02,11c
ID196,Tlaco-xilo-xochitl,plant,05h,english,tlaco-xilo-xochitl,Tlaco/half or middle; Xochitl/flower,nan,05h; 06b; 09d
ID196,Tlaco-xilo-xochitl,plant,05h,spanish,tlaco-xilo-xochitl,Tlaco/half or middle; Xochitl/flower,nan,05h; 06b; 09d
ID196,Tlaco-xilo-xochitl,plant,06b,english,tlaco-xilo-xochitl,Tlaco/half or middle; Xochitl/flower,nan,05h; 06b; 09d
ID196,Tlaco-xilo-xochitl,plant,06b,spanish,tlaco-xilo-xochitl,Tlaco/half or middle; Xochitl/flower,nan,05h; 06b; 09d
ID196,Tlaco-xilo-xochitl,plant,09d,english,tlaco-xilo-xochitl,Tlaco/half or middle; Xochitl/flower,nan,05h; 06b; 09d
ID196,Tlaco-xilo-xochitl,plant,09d,spanish,tlaco-xilo-xochitl,Tlaco/half or middle; Xochitl/flower,nan,05h; 06b; 09d
ID198,Tlal-ahuehuetl,plant,01b,english,tlal-ahuehuetl,Tlal/earth or ground,nan,01b; 09j; 09m; 09n; 12a
ID198,Tlal-ahuehuetl,plant,01b,spanish,tlal-ahuehuetl,Tlal/earth or ground,nan,01b; 09j; 09m; 09n; 12a
ID198,Tlal-ahuehuetl,plant,09j,english,tlal-ahuehuetl,Tlal/earth or ground,nan,01b; 09j; 09m; 09n; 12a
ID198,Tlal-ahuehuetl,plant,09j,spanish,tlal-ahuehuetl,Tlal/earth or ground,nan,01b; 09j; 09m; 09n; 12a
ID198,Tlal-ahuehuetl,plant,09m,english,tlal-ahuehuetl,Tlal/earth or ground,nan,01b; 09j; 09m; 09n; 12a
ID198,Tlal-ahuehuetl,plant,09m,spanish,tlal-ahuehuetl,Tlal/earth or ground,nan,01b; 09j; 09m; 09n; 12a
ID198,Tlal-ahuehuetl,plant,09n,english,tlal-ahuehuetl,Tlal/earth or ground,nan,01b; 09j; 09m; 09n; 12a
ID198,Tlal-ahuehuetl,plant,09n,spanish,tlal-ahuehuetl,Tlal/earth or ground,nan,01b; 09j; 09m; 09n; 12a
ID198,Tlal-ahuehuetl,plant,12a,english,tlal-ahuehuetl,Tlal/earth or ground,nan,01b; 09j; 09m; 09n; 12a
ID198,Tlal-ahuehuetl,plant,12a,spanish,tlal-ahuehuetl,Tlal/earth or ground,nan,01b; 09j; 09m; 09n; 12a
ID200,Tlal-ecapatli,plant,08j,english,tlal-ecapatli,Ecatl/wind; Tlal/earth or ground,nan,08j; 09e; 09q
ID200,Tlal-ecapatli,plant,08j,spanish,tlal-ecapatli,Ecatl/wind; Tlal/earth or ground,nan,08j; 09e; 09q
ID200,Tlal-ecapatli,plant,09e,english,tlal-ecapatli,Ecatl/wind; Tlal/earth or ground,nan,08j; 09e; 09q
ID200,Tlal-ecapatli,plant,09e,spanish,tlal-ecapatli,Ecatl/wind; Tlal/earth or ground,nan,08j; 09e; 09q
ID200,Tlal-ecapatli,plant,09q,english,tlal-ecapatli,Ecatl/wind; Tlal/earth or ground,nan,08j; 09e; 09q
ID200,Tlal-ecapatli,plant,09q,spanish,tlal-ecapatli,Ecatl/wind; Tlal/earth or ground,nan,08j; 09e; 09q
ID202,Tlal-mizquitl,plant,06e,english,tlal-mizquitl,Misquitl/mesquite; Tlal/earth or ground,nan,06e; 12a
ID202,Tlal-mizquitl,plant,06e,spanish,tlal-mizquitl,Misquitl/mesquite; Tlal/earth or ground,nan,06e; 12a
ID202,Tlal-mizquitl,plant,12a,english,tlal-mizquitl,Misquitl/mesquite; Tlal/earth or ground,nan,06e; 12a
ID202,Tlal-mizquitl,plant,12a,spanish,tlal-mizquitl,Misquitl/mesquite; Tlal/earth or ground,nan,06e; 12a
ID203,Tlal-patli,plant,09m,english,tlal-patli,Patli/medicine; Tlal/earth or ground,nan,09m
ID203,Tlal-patli,plant,09m,spanish,tlal-patli,Patli/medicine; Tlal/earth or ground,nan,09m
ID204,Tlal-quequetzal,plant,06d,english,tlal-quequetzal,"Quetzal/precious, feathered, or green; Tlal/earth or ground",nan,06d; 09d
ID204,Tlal-quequetzal,plant,06d,spanish,tlal-quequetzal,"Quetzal/precious, feathered, or green; Tlal/earth or ground",nan,06d; 09d
ID204,Tlal-quequetzal,plant,09d,english,tlal-quequetzal,"Quetzal/precious, feathered, or green; Tlal/earth or ground",nan,06d; 09d
ID204,Tlal-quequetzal,plant,09d,spanish,tlal-quequetzal,"Quetzal/precious, feathered, or green; Tlal/earth or ground",nan,06d; 09d
ID205,Tla-nen-popoloua,plant,09l,english,tlanen-popoloa,Tla/thing or something,nan,09l
ID205,Tla-nen-popoloua,plant,09l,spanish,tlanen-popoloa,Tla/thing or something,nan,09l
ID207,Tlanextia-yxiuh,plant,09h,english,tlanexti-yxiuh,"Tlanextia/to shine light; Xihuitl/herbs, green leaves",nan,09h; 10d
ID207,Tlanextia-yxiuh,plant,09h,spanish,tlanexti-yxiuh,"Tlanextia/to shine light; Xihuitl/herbs, green leaves",nan,09h; 10d
ID207,Tlanextia-yxiuh,plant,10d,english,tlanexti-yxiuh,"Tlanextia/to shine light; Xihuitl/herbs, green leaves",nan,09h; 10d
ID207,Tlanextia-yxiuh,plant,10d,spanish,tlanexti-yxiuh,"Tlanextia/to shine light; Xihuitl/herbs, green leaves",nan,09h; 10d
ID208,Tlanextia xiuhtontli,plant,05d,english,tlanexti,"Tlanextia/to shine light; Xihuitl/herbs, green leaves",p029_01,05d; 05f; 05i; 07l; 07m; 11a
ID208,Tlanextia xiuhtontli,plant,05d,spanish,tlanexti,"Tlanextia/to shine light; Xihuitl/herbs, green leaves",p029_01,05d; 05f; 05i; 07l; 07m; 11a
ID208,Tlanextia xiuhtontli,plant,05f,english,tlanexti,"Tlanextia/to shine light; Xihuitl/herbs, green leaves",p029_01,05d; 05f; 05i; 07l; 07m; 11a
ID208,Tlanextia xiuhtontli,plant,05f,spanish,tlanexti,"Tlanextia/to shine light; Xihuitl/herbs, green leaves",p029_01,05d; 05f; 05i; 07l; 07m; 11a
ID208,Tlanextia xiuhtontli,plant,05i,english,tlanextia xiuhtontli,"Tlanextia/to shine light; Xihuitl/herbs, green leaves",p029_01,05d; 05f; 05i; 07l; 07m; 11a
ID208,Tlanextia xiuhtontli,plant,05i,spanish,tlanextia xiuhtontli,"Tlanextia/to shine light; Xihuitl/herbs, green leaves",p029_01,05d; 05f; 05i; 07l; 07m; 11a
ID208,Tlanextia xiuhtontli,plant,07l,english,tlanexti-xiuhtontli,"Tlanextia/to shine light; Xihuitl/herbs, green leaves",p029_01,05d; 05f; 05i; 07l; 07m; 11a
ID208,Tlanextia xiuhtontli,plant,07l,spanish,tlanexti-xiuhtontli,"Tlanextia/to shine light; Xihuitl/herbs, green leaves",p029_01,05d; 05f; 05i; 07l; 07m; 11a
ID208,Tlanextia xiuhtontli,plant,07m,english,tlanexti-xiuhtontli,"Tlanextia/to shine light; Xihuitl/herbs, green leaves",p029_01,05d; 05f; 05i; 07l; 07m; 11a
ID208,Tlanextia xiuhtontli,plant,07m,spanish,tlanexti-xiuhtontli,"Tlanextia/to shine light; Xihuitl/herbs, green leaves",p029_01,05d; 05f; 05i; 07l; 07m; 11a
ID208,Tlanextia xiuhtontli,plant,11a,english,tlanexti,"Tlanextia/to shine light; Xihuitl/herbs, green leaves",p029_01,05d; 05f; 05i; 07l; 07m; 11a
ID208,Tlanextia xiuhtontli,plant,11a,spanish,tlanexti,"Tlanextia/to shine light; Xihuitl/herbs, green leaves",p029_01,05d; 05f; 05i; 07l; 07m; 11a
ID209,Tlanextia quahuitl,plant,07l,english,tlanextia-quahuitl,Quahuitl/tree or wood; Tlanextia/to shine light,p069_03,07l; 09b
ID209,Tlanextia quahuitl,plant,07l,spanish,tlanextia-quahuitl,Quahuitl/tree or wood; Tlanextia/to shine light,p069_03,07l; 09b
ID209,Tlanextia quahuitl,plant,09b,english,tlanextia quahuitl,Quahuitl/tree or wood; Tlanextia/to shine light,p069_03,07l; 09b
ID209,Tlanextia quahuitl,plant,09b,spanish,tlanextia quahuitl,Quahuitl/tree or wood; Tlanextia/to shine light,p069_03,07l; 09b
ID211,Tlapal-achiyotl,plant,09d,english,tlapal-achiyotl,nan,nan,09d
ID211,Tlapal-achiyotl,plant,09d,spanish,tlapal-achiyotl,nan,nan,09d
ID212,Tlapol-cacahuatl,plant,08l,english,tlapal-cacahuatl,nan,p068_02,08l
ID212,Tlapol-cacahuatl,plant,08l,spanish,tlapal-cacahuatl,nan,p068_02,08l
ID213,Tlaquilin,plant,03a,english,tlaquilin,nan,p022_03,03a; 09i; 09m
ID213,Tlaquilin,plant,03a,spanish,tlaquilin,nan,p022_03,03a; 09i; 09m
ID213,Tlaquilin,plant,09i,english,tlaquilin,nan,p022_03,03a; 09i; 09m
ID213,Tlaquilin,plant,09i,spanish,tlaquilin,nan,p022_03,03a; 09i; 09m
ID213,Tlaquilin,plant,09m,english,tlaquilin,nan,p022_03,03a; 09i; 09m
ID213,Tlaquilin,plant,09m,spanish,tlaquilin,nan,p022_03,03a; 09i; 09m
ID214,Tlatlacotic,plant,06c,english,tlatlacotic,nan,nan,06c; 07a; 09q; 10a; 10e
ID214,Tlatlacotic,plant,06c,spanish,tlatlacotic,nan,nan,06c; 07a; 09q; 10a; 10e
ID214,Tlatlacotic,plant,07a,english,tlatlacotic,nan,nan,06c; 07a; 09q; 10a; 10e
ID214,Tlatlacotic,plant,07a,spanish,tlatlacotic,nan,nan,06c; 07a; 09q; 10a; 10e
ID214,Tlatlacotic,plant,09q,english,tlatlacotic,nan,nan,06c; 07a; 09q; 10a; 10e
ID214,Tlatlacotic,plant,09q,spanish,tlatlacotic,nan,nan,06c; 07a; 09q; 10a; 10e
ID214,Tlatlacotic,plant,10a,english,tlatlacotic,nan,nan,06c; 07a; 09q; 10a; 10e
ID214,Tlatlacotic,plant,10a,spanish,tlatlacotic,nan,nan,06c; 07a; 09q; 10a; 10e
ID214,Tlatlacotic,plant,10e,english,tlatlacotic,nan,nan,06c; 07a; 09q; 10a; 10e
ID214,Tlatlacotic,plant,10e,spanish,tlatlacotic,nan,nan,06c; 07a; 09q; 10a; 10e
ID215,Tlatlanquaye,plant,01b,english,tlatlanquaye,nan,p034_01; p073_02,01b; 03a; 05i; 06a; 07f; 07i; 07l; 08k; 09a; 09f; 09g; 09h; 09i; 09m; 09n; 09q; 12a
ID215,Tlatlanquaye,plant,01b,spanish,tlatlanquaye,nan,p034_01; p073_02,01b; 03a; 05i; 06a; 07f; 07i; 07l; 08k; 09a; 09f; 09g; 09h; 09i; 09m; 09n; 09q; 12a
ID215,Tlatlanquaye,plant,03a,english,tlatlanquaye,nan,p034_01; p073_02,01b; 03a; 05i; 06a; 07f; 07i; 07l; 08k; 09a; 09f; 09g; 09h; 09i; 09m; 09n; 09q; 12a
ID215,Tlatlanquaye,plant,03a,spanish,tlatlanquaye,nan,p034_01; p073_02,01b; 03a; 05i; 06a; 07f; 07i; 07l; 08k; 09a; 09f; 09g; 09h; 09i; 09m; 09n; 09q; 12a
ID215,Tlatlanquaye,plant,05i,english,tlatlanquaye,nan,p034_01; p073_02,01b; 03a; 05i; 06a; 07f; 07i; 07l; 08k; 09a; 09f; 09g; 09h; 09i; 09m; 09n; 09q; 12a
ID215,Tlatlanquaye,plant,05i,spanish,tlatlanquaye,nan,p034_01; p073_02,01b; 03a; 05i; 06a; 07f; 07i; 07l; 08k; 09a; 09f; 09g; 09h; 09i; 09m; 09n; 09q; 12a
ID215,Tlatlanquaye,plant,06a,english,tlatlanquaye,nan,p034_01; p073_02,01b; 03a; 05i; 06a; 07f; 07i; 07l; 08k; 09a; 09f; 09g; 09h; 09i; 09m; 09n; 09q; 12a
ID215,Tlatlanquaye,plant,06a,spanish,tlatlanquaye,nan,p034_01; p073_02,01b; 03a; 05i; 06a; 07f; 07i; 07l; 08k; 09a; 09f; 09g; 09h; 09i; 09m; 09n; 09q; 12a
ID215,Tlatlanquaye,plant,07f,english,tlatlanquaye,nan,p034_01; p073_02,01b; 03a; 05i; 06a; 07f; 07i; 07l; 08k; 09a; 09f; 09g; 09h; 09i; 09m; 09n; 09q; 12a
ID215,Tlatlanquaye,plant,07f,spanish,tlatlanquaye,nan,p034_01; p073_02,01b; 03a; 05i; 06a; 07f; 07i; 07l; 08k; 09a; 09f; 09g; 09h; 09i; 09m; 09n; 09q; 12a
ID215,Tlatlanquaye,plant,07i,english,tlatlanquaye,nan,p034_01; p073_02,01b; 03a; 05i; 06a; 07f; 07i; 07l; 08k; 09a; 09f; 09g; 09h; 09i; 09m; 09n; 09q; 12a
ID215,Tlatlanquaye,plant,07i,spanish,tlatlanquaye,nan,p034_01; p073_02,01b; 03a; 05i; 06a; 07f; 07i; 07l; 08k; 09a; 09f; 09g; 09h; 09i; 09m; 09n; 09q; 12a
ID215,Tlatlanquaye,plant,07l,english,tlatlanquaye,nan,p034_01; p073_02,01b; 03a; 05i; 06a; 07f; 07i; 07l; 08k; 09a; 09f; 09g; 09h; 09i; 09m; 09n; 09q; 12a
ID215,Tlatlanquaye,plant,07l,spanish,tlatlanquaye,nan,p034_01; p073_02,01b; 03a; 05i; 06a; 07f; 07i; 07l; 08k; 09a; 09f; 09g; 09h; 09i; 09m; 09n; 09q; 12a
ID215,Tlatlanquaye,plant,08k,english,tlatlanquaye,nan,p034_01; p073_02,01b; 03a; 05i; 06a; 07f; 07i; 07l; 08k; 09a; 09f; 09g; 09h; 09i; 09m; 09n; 09q; 12a
ID215,Tlatlanquaye,plant,08k,spanish,tlatlanquaye,nan,p034_01; p073_02,01b; 03a; 05i; 06a; 07f; 07i; 07l; 08k; 09a; 09f; 09g; 09h; 09i; 09m; 09n; 09q; 12a
ID215,Tlatlanquaye,plant,09a,english,tlatlan-quaye,nan,p034_01; p073_02,01b; 03a; 05i; 06a; 07f; 07i; 07l; 08k; 09a; 09f; 09g; 09h; 09i; 09m; 09n; 09q; 12a
ID215,Tlatlanquaye,plant,09a,spanish,tlatlan-quaye,nan,p034_01; p073_02,01b; 03a; 05i; 06a; 07f; 07i; 07l; 08k; 09a; 09f; 09g; 09h; 09i; 09m; 09n; 09q; 12a
ID215,Tlatlanquaye,plant,09f,english,tlatlanquaye,nan,p034_01; p073_02,01b; 03a; 05i; 06a; 07f; 07i; 07l; 08k; 09a; 09f; 09g; 09h; 09i; 09m; 09n; 09q; 12a
ID215,Tlatlanquaye,plant,09f,spanish,tlatlanquaye,nan,p034_01; p073_02,01b; 03a; 05i; 06a; 07f; 07i; 07l; 08k; 09a; 09f; 09g; 09h; 09i; 09m; 09n; 09q; 12a
ID215,Tlatlanquaye,plant,09g,english,tlatlanquaye,nan,p034_01; p073_02,01b; 03a; 05i; 06a; 07f; 07i; 07l; 08k; 09a; 09f; 09g; 09h; 09i; 09m; 09n; 09q; 12a
ID215,Tlatlanquaye,plant,09g,spanish,tlatlanquaye,nan,p034_01; p073_02,01b; 03a; 05i; 06a; 07f; 07i; 07l; 08k; 09a; 09f; 09g; 09h; 09i; 09m; 09n; 09q; 12a
ID215,Tlatlanquaye,plant,09h,english,tlatlanquaye,nan,p034_01; p073_02,01b; 03a; 05i; 06a; 07f; 07i; 07l; 08k; 09a; 09f; 09g; 09h; 09i; 09m; 09n; 09q; 12a
ID215,Tlatlanquaye,plant,09h,spanish,tlatlanquaye,nan,p034_01; p073_02,01b; 03a; 05i; 06a; 07f; 07i; 07l; 08k; 09a; 09f; 09g; 09h; 09i; 09m; 09n; 09q; 12a
ID215,Tlatlanquaye,plant,09i,english,tlatlanquaye,nan,p034_01; p073_02,01b; 03a; 05i; 06a; 07f; 07i; 07l; 08k; 09a; 09f; 09g; 09h; 09i; 09m; 09n; 09q; 12a
ID215,Tlatlanquaye,plant,09i,spanish,tlatlanquaye,nan,p034_01; p073_02,01b; 03a; 05i; 06a; 07f; 07i; 07l; 08k; 09a; 09f; 09g; 09h; 09i; 09m; 09n; 09q; 12a
ID215,Tlatlanquaye,plant,09m,english,tlatlanquaye,nan,p034_01; p073_02,01b; 03a; 05i; 06a; 07f; 07i; 07l; 08k; 09a; 09f; 09g; 09h; 09i; 09m; 09n; 09q; 12a
ID215,Tlatlanquaye,plant,09m,spanish,tlatlanquaye,nan,p034_01; p073_02,01b; 03a; 05i; 06a; 07f; 07i; 07l; 08k; 09a; 09f; 09g; 09h; 09i; 09m; 09n; 09q; 12a
ID215,Tlatlanquaye,plant,09n,english,tlatlanquaye,nan,p034_01; p073_02,01b; 03a; 05i; 06a; 07f; 07i; 07l; 08k; 09a; 09f; 09g; 09h; 09i; 09m; 09n; 09q; 12a
ID215,Tlatlanquaye,plant,09n,spanish,tlatlanquaye,nan,p034_01; p073_02,01b; 03a; 05i; 06a; 07f; 07i; 07l; 08k; 09a; 09f; 09g; 09h; 09i; 09m; 09n; 09q; 12a
ID215,Tlatlanquaye,plant,09q,english,tlatlanquaye,nan,p034_01; p073_02,01b; 03a; 05i; 06a; 07f; 07i; 07l; 08k; 09a; 09f; 09g; 09h; 09i; 09m; 09n; 09q; 12a
ID215,Tlatlanquaye,plant,09q,spanish,tlatlanquaye,nan,p034_01; p073_02,01b; 03a; 05i; 06a; 07f; 07i; 07l; 08k; 09a; 09f; 09g; 09h; 09i; 09m; 09n; 09q; 12a
ID215,Tlatlanquaye,plant,12a,english,tlatlanquaye,nan,p034_01; p073_02,01b; 03a; 05i; 06a; 07f; 07i; 07l; 08k; 09a; 09f; 09g; 09h; 09i; 09m; 09n; 09q; 12a
ID215,Tlatlanquaye,plant,12a,spanish,tlatlanquaye,nan,p034_01; p073_02,01b; 03a; 05i; 06a; 07f; 07i; 07l; 08k; 09a; 09f; 09g; 09h; 09i; 09m; 09n; 09q; 12a
ID217,Tlatlaolton,plant,07b,english,tlatlaolton,nan,nan,07b; 08k
ID217,Tlatlaolton,plant,07b,spanish,tlatlaolton,nan,nan,07b; 08k
ID217,Tlatlaolton,plant,08k,english,tlatlaolton,nan,nan,07b; 08k
ID217,Tlatlaolton,plant,08k,spanish,tlatlaolton,nan,nan,07b; 08k
ID220,Tla-yapaloni,plant,01b,english,tla-yapaloni,Tla/thing or something,p008_02,01b; 09f; 09n; 12a
ID220,Tla-yapaloni,plant,01b,spanish,tla-yapaloni,Tla/thing or something,p008_02,01b; 09f; 09n; 12a
ID220,Tla-yapaloni,plant,09f,english,tlayapaloni,Tla/thing or something,p008_02,01b; 09f; 09n; 12a
ID220,Tla-yapaloni,plant,09f,spanish,tlayapaloni,Tla/thing or something,p008_02,01b; 09f; 09n; 12a
ID220,Tla-yapaloni,plant,09n,english,tla-yapaloni,Tla/thing or something,p008_02,01b; 09f; 09n; 12a
ID220,Tla-yapaloni,plant,09n,spanish,tla-yapaloni,Tla/thing or something,p008_02,01b; 09f; 09n; 12a
ID220,Tla-yapaloni,plant,12a,english,tla-yapaloni,Tla/thing or something,p008_02,01b; 09f; 09n; 12a
ID220,Tla-yapaloni,plant,12a,spanish,tla-yapaloni,Tla/thing or something,p008_02,01b; 09f; 09n; 12a
ID221,Tlazol-patli,plant,02g,english,tlazol-patli,Patli/medicine; Tlazol/filth,p020_01,02g; 09b
ID221,Tlazol-patli,plant,02g,spanish,tlazol-patli,Patli/medicine; Tlazol/filth,p020_01,02g; 09b
ID221,Tlazol-patli,plant,09b,english,tlazol-patli,Patli/medicine; Tlazol/filth,p020_01,02g; 09b
ID221,Tlazol-patli,plant,09b,spanish,tlazol-patli,Patli/medicine; Tlazol/filth,p020_01,02g; 09b
ID222,Tlazol-teo-zacatl,plant,09b,english,tlazolco-zacatl,Teo/divine; Tlazol/filth; Zacatl/grass,p080_01,09b; 09f
ID222,Tlazol-teo-zacatl,plant,09b,spanish,tlazolco-zacatl,Teo/divine; Tlazol/filth; Zacatl/grass,p080_01,09b; 09f
ID222,Tlazol-teo-zacatl,plant,09f,english,tlazo-teo-zacatl,Teo/divine; Tlazol/filth; Zacatl/grass,p080_01,09b; 09f
ID222,Tlazol-teo-zacatl,plant,09f,spanish,tlazo-teo-zacatl,Teo/divine; Tlazol/filth; Zacatl/grass,p080_01,09b; 09f
ID224,Tlil-xochitl,plant,10k,english,tlil-xochitl,Xochitl/flower,p104_02,10k
ID224,Tlil-xochitl,plant,10k,spanish,tlil-xochitl,Xochitl/flower,p104_02,10k
ID225,Tzacouh-xochitl,plant,10d,english,tzacouh-xochitl,Xochitl/flower,nan,10d
ID225,Tzacouh-xochitl,plant,10d,spanish,tzacouh-xochitl,Xochitl/flower,nan,10d
ID226,Tzayanal-quilitl,plant,09e,english,tzayanal-quilitl,Quilitl/edible green,p079_03,09e
ID226,Tzayanal-quilitl,plant,09e,spanish,tzayanal-quilitl,Quilitl/edible green,p079_03,09e
ID227,Tzihuac-copalli,plant,09l,english,tzihuac-copalli,Copalli/incense,nan,09l
ID227,Tzihuac-copalli,plant,09l,spanish,tzihuac-copalli,Copalli/incense,nan,09l
ID229,Colo-tzitzicaztli,plant,09k,english,colo-tzitzicaztli,nan,nan,09k
ID229,Colo-tzitzicaztli,plant,09k,spanish,colo-tzitzicaztli,nan,nan,09k
ID233,Tzitzicton,plant,07b,english,tzitzicton,nan,p064_02,07b; 08h
ID233,Tzitzicton,plant,07b,spanish,tzitzicton,nan,p064_02,07b; 08h
ID233,Tzitzicton,plant,08h,english,tzitzicton,nan,p064_02,07b; 08h
ID233,Tzitzicton,plant,08h,spanish,tzitzicton,nan,p064_02,07b; 08h
ID234,Tzon-pachtzin,plant,09b,english,tzom-pachtin,Tzon/hair,nan,09b
ID234,Tzon-pachtzin,plant,09b,spanish,tzom-pachtin,Tzon/hair,nan,09b
ID235,Tzonpilihuiz-patli,plant,06h,english,tzonpilihuiz-patli,Patli/medicine; Tzon/hair,nan,06h
ID235,Tzonpilihuiz-patli,plant,06h,spanish,tzonpilihuiz-patli,Patli/medicine; Tzon/hair,nan,06h
ID236,Tzon-pilihuiz-xihuitl,plant,04a,english,tzonpilihuiz-xihuitl,"Tzon/hair; Xihuitl/herbs, green leaves",p024_01,04a; 07g
ID236,Tzon-pilihuiz-xihuitl,plant,04a,spanish,tzonpilihuiz-xihuitl,"Tzon/hair; Xihuitl/herbs, green leaves",p024_01,04a; 07g
ID236,Tzon-pilihuiz-xihuitl,plant,07g,english,tzonpilihuiz-xihuitl,"Tzon/hair; Xihuitl/herbs, green leaves",p024_01,04a; 07g
ID236,Tzon-pilihuiz-xihuitl,plant,07g,spanish,tzonpilihuiz-xihuitl,"Tzon/hair; Xihuitl/herbs, green leaves",p024_01,04a; 07g
ID237,Tzopelica-cococ,plant,06b,english,tzopelica-cococ,Cococ/hot or spicy,nan,06b
ID237,Tzopelica-cococ,plant,06b,spanish,tzopelica-cococ,Cococ/hot or spicy,nan,06b
ID240,Xal-tomatl,plant,05e,english,xal-tomatl,Tomatl/tomato; Xal/sand,p014_01,05e; 09e; 11a
ID240,Xal-tomatl,plant,05e,spanish,xal-tomatl,Tomatl/tomato; Xal/sand,p014_01,05e; 09e; 11a
ID240,Xal-tomatl,plant,09e,english,xal-tomatl,Tomatl/tomato; Xal/sand,p014_01,05e; 09e; 11a
ID240,Xal-tomatl,plant,09e,spanish,xal-tomatl,Tomatl/tomato; Xal/sand,p014_01,05e; 09e; 11a
ID240,Xal-tomatl,plant,11a,english,xal-tomatl,Tomatl/tomato; Xal/sand,p014_01,05e; 09e; 11a
ID240,Xal-tomatl,plant,11a,spanish,xal-tomatl,Tomatl/tomato; Xal/sand,p014_01,05e; 09e; 11a
ID241,Xa-xocotl,plant,07k,english,xa-xocotl,Xocotl/sour fruit,nan,07k; 09e
ID241,Xa-xocotl,plant,07k,spanish,xa-xocotl,Xocotl/sour fruit,nan,07k; 09e
ID241,Xa-xocotl,plant,09e,english,xa-xocotl,Xocotl/sour fruit,nan,07k; 09e
ID241,Xa-xocotl,plant,09e,spanish,xa-xocotl,Xocotl/sour fruit,nan,07k; 09e
ID242,Xe-xihuitl,plant,08j,english,xe-xihuitl,"Xihuitl/herbs, green leaves",nan,08j
ID242,Xe-xihuitl,plant,08j,spanish,xe-xihuitl,"Xihuitl/herbs, green leaves",nan,08j
ID243,Xilo-xochitl,plant,09m,english,xilo-xochitl,Xochitl/flower,nan,09m
ID243,Xilo-xochitl,plant,09m,spanish,xilo-xochitl,Xochitl/flower,nan,09m
ID245,Xiuh-patli,plant,11c,english,xiuhpatli,"Patli/medicine; Xihuitl/herbs, green leaves",p067_09,11c
ID245,Xiuh-patli,plant,11c,spanish,xiuhpatli,"Patli/medicine; Xihuitl/herbs, green leaves",p067_09,11c
ID246,Xiuh-tlemaitl,plant,09k,english,xiuh-tlemaitl,"Xihuitl/herbs, green leaves",nan,09k
ID246,Xiuh-tlemaitl,plant,09k,spanish,xiuh-tlemaitl,"Xihuitl/herbs, green leaves",nan,09k
ID247,Xiuhtontli,plant,05h,english,xiuhtontli,"Xihuitl/herbs, green leaves",nan,05h; 07i; 08a; 08h; 09f
ID247,Xiuhtontli,plant,05h,spanish,xiuhtontli,"Xihuitl/herbs, green leaves",nan,05h; 07i; 08a; 08h; 09f
ID247,Xiuhtontli,plant,07i,english,xiuhtontli,"Xihuitl/herbs, green leaves",nan,05h; 07i; 08a; 08h; 09f
ID247,Xiuhtontli,plant,07i,spanish,xiuhtontli,"Xihuitl/herbs, green leaves",nan,05h; 07i; 08a; 08h; 09f
ID247,Xiuhtontli,plant,08a,english,xiuh-tontli,"Xihuitl/herbs, green leaves",nan,05h; 07i; 08a; 08h; 09f
ID247,Xiuhtontli,plant,08a,spanish,xiuh-tontli,"Xihuitl/herbs, green leaves",nan,05h; 07i; 08a; 08h; 09f
ID247,Xiuhtontli,plant,08h,english,xiuhtontli,"Xihuitl/herbs, green leaves",nan,05h; 07i; 08a; 08h; 09f
ID247,Xiuhtontli,plant,08h,spanish,xiuhtontli,"Xihuitl/herbs, green leaves",nan,05h; 07i; 08a; 08h; 09f
ID247,Xiuhtontli,plant,09f,english,xiuh-tontli,"Xihuitl/herbs, green leaves",nan,05h; 07i; 08a; 08h; 09f
ID247,Xiuhtontli,plant,09f,spanish,xiuh-tontli,"Xihuitl/herbs, green leaves",nan,05h; 07i; 08a; 08h; 09f
ID250,Ohua-xoxocoyolin,plant,07j,english,ohua-xocoyolin,Xocotl/sour fruit,p017_01,07j; 08c; 09h
ID250,Ohua-xoxocoyolin,plant,07j,spanish,ohua-xocoyolin,Xocotl/sour fruit,p017_01,07j; 08c; 09h
ID250,Ohua-xoxocoyolin,plant,08c,english,ohua-xocoyolin,Xocotl/sour fruit,p017_01,07j; 08c; 09h
ID250,Ohua-xoxocoyolin,plant,08c,spanish,ohua-xocoyolin,Xocotl/sour fruit,p017_01,07j; 08c; 09h
ID250,Ohua-xoxocoyolin,plant,09h,english,ohua-xocoyolin,Xocotl/sour fruit,p017_01,07j; 08c; 09h
ID250,Ohua-xoxocoyolin,plant,09h,spanish,ohua-xocoyolin,Xocotl/sour fruit,p017_01,07j; 08c; 09h
ID252,xoxouhca-patli,plant,03a,english,xoxouhqui-patli,Patli/medicine; Xocotl/sour fruit,p022_02; p063_01,03a; 06i; 08g
ID252,xoxouhca-patli,plant,03a,spanish,xoxouhqui-patli,Patli/medicine; Xocotl/sour fruit,p022_02; p063_01,03a; 06i; 08g
ID252,xoxouhca-patli,plant,06i,english,quetzal-xoxouhqui,Patli/medicine; Xocotl/sour fruit,p022_02; p063_01,03a; 06i; 08g
ID252,xoxouhca-patli,plant,06i,spanish,quetzal-xoxouhqui,Patli/medicine; Xocotl/sour fruit,p022_02; p063_01,03a; 06i; 08g
ID252,xoxouhca-patli,plant,08g,english,xoxouhca-patli,Patli/medicine; Xocotl/sour fruit,p022_02; p063_01,03a; 06i; 08g
ID252,xoxouhca-patli,plant,08g,spanish,xoxouhca-patli,Patli/medicine; Xocotl/sour fruit,p022_02; p063_01,03a; 06i; 08g
ID253,xoxouhqui-itzli,plant,07h,english,xoxouhqui-itzli,Xocotl/sour fruit,nan,07h
ID253,xoxouhqui-itzli,plant,07h,spanish,xoxouhqui-itzli,Xocotl/sour fruit,nan,07h
ID254,Zaca-matlalin,plant,09b,english,zaca-matlalin,Zacatl/grass,p089_01,09b; 09o
ID254,Zaca-matlalin,plant,09b,spanish,zaca-matlalin,Zacatl/grass,p089_01,09b; 09o
ID254,Zaca-matlalin,plant,09o,english,zaca-matlalin,Zacatl/grass,p089_01,09b; 09o
ID254,Zaca-matlalin,plant,09o,spanish,zaca-matlalin,Zacatl/grass,p089_01,09b; 09o
ID255,Zozoyatic,plant,10i,english,zozoyatic,nan,p102_01,10i
ID255,Zozoyatic,plant,10i,spanish,zozoyatic,nan,p102_01,10i
ID256,Temamatlatzin,plant,05i,english,temamatlatzin,nan,nan,05i
ID256,Temamatlatzin,plant,05i,spanish,temamatlatzin,nan,nan,05i
ID257,Tonatiuh yxiuh v1,plant,06f,english,tonatiuh yxiuh,"Tonatiuh/sun; Xihuitl/herbs, green leaves",nan,06f; 06g; 08e; 09b; 09e; 09h; 09o; 10d; 13a
ID257,Tonatiuh yxiuh v1,plant,06f,spanish,tonatiuh yxiuh,"Tonatiuh/sun; Xihuitl/herbs, green leaves",nan,06f; 06g; 08e; 09b; 09e; 09h; 09o; 10d; 13a
ID257,Tonatiuh yxiuh v1,plant,06g,english,tonatiuh yxiuh,"Tonatiuh/sun; Xihuitl/herbs, green leaves",nan,06f; 06g; 08e; 09b; 09e; 09h; 09o; 10d; 13a
ID257,Tonatiuh yxiuh v1,plant,06g,spanish,tonatiuh yxiuh,"Tonatiuh/sun; Xihuitl/herbs, green leaves",nan,06f; 06g; 08e; 09b; 09e; 09h; 09o; 10d; 13a
ID257,Tonatiuh yxiuh v1,plant,08e,english,tonatiuh-yxiuh,"Tonatiuh/sun; Xihuitl/herbs, green leaves",nan,06f; 06g; 08e; 09b; 09e; 09h; 09o; 10d; 13a
ID257,Tonatiuh yxiuh v1,plant,08e,spanish,tonatiuh-yxiuh,"Tonatiuh/sun; Xihuitl/herbs, green leaves",nan,06f; 06g; 08e; 09b; 09e; 09h; 09o; 10d; 13a
ID257,Tonatiuh yxiuh v1,plant,09b,english,tonatiuh yxiuh,"Tonatiuh/sun; Xihuitl/herbs, green leaves",nan,06f; 06g; 08e; 09b; 09e; 09h; 09o; 10d; 13a
ID257,Tonatiuh yxiuh v1,plant,09b,spanish,tonatiuh yxiuh,"Tonatiuh/sun; Xihuitl/herbs, green leaves",nan,06f; 06g; 08e; 09b; 09e; 09h; 09o; 10d; 13a
ID257,Tonatiuh yxiuh v1,plant,09e,english,tonatiuh-yxiuh,"Tonatiuh/sun; Xihuitl/herbs, green leaves",nan,06f; 06g; 08e; 09b; 09e; 09h; 09o; 10d; 13a
ID257,Tonatiuh yxiuh v1,plant,09e,spanish,tonatiuh-yxiuh,"Tonatiuh/sun; Xihuitl/herbs, green leaves",nan,06f; 06g; 08e; 09b; 09e; 09h; 09o; 10d; 13a
ID257,Tonatiuh yxiuh v1,plant,09h,english,tonatiuh-yxiuh,"Tonatiuh/sun; Xihuitl/herbs, green leaves",nan,06f; 06g; 08e; 09b; 09e; 09h; 09o; 10d; 13a
ID257,Tonatiuh yxiuh v1,plant,09h,spanish,tonatiuh-yxiuh,"Tonatiuh/sun; Xihuitl/herbs, green leaves",nan,06f; 06g; 08e; 09b; 09e; 09h; 09o; 10d; 13a
ID257,Tonatiuh yxiuh v1,plant,09o,english,tonatiuh-yxiuh,"Tonatiuh/sun; Xihuitl/herbs, green leaves",nan,06f; 06g; 08e; 09b; 09e; 09h; 09o; 10d; 13a
ID257,Tonatiuh yxiuh v1,plant,09o,spanish,tonatiuh-yxiuh,"Tonatiuh/sun; Xihuitl/herbs, green leaves",nan,06f; 06g; 08e; 09b; 09e; 09h; 09o; 10d; 13a
ID257,Tonatiuh yxiuh v1,plant,10d,english,tonatiuh-yxiuh,"Tonatiuh/sun; Xihuitl/herbs, green leaves",nan,06f; 06g; 08e; 09b; 09e; 09h; 09o; 10d; 13a
ID257,Tonatiuh yxiuh v1,plant,10d,spanish,tonatiuh-yxiuh,"Tonatiuh/sun; Xihuitl/herbs, green leaves",nan,06f; 06g; 08e; 09b; 09e; 09h; 09o; 10d; 13a
ID257,Tonatiuh yxiuh v1,plant,13a,english,tonatiuh yxiuh,"Tonatiuh/sun; Xihuitl/herbs, green leaves",nan,06f; 06g; 08e; 09b; 09e; 09h; 09o; 10d; 13a
ID257,Tonatiuh yxiuh v1,plant,13a,spanish,tonatiuh yxiuh,"Tonatiuh/sun; Xihuitl/herbs, green leaves",nan,06f; 06g; 08e; 09b; 09e; 09h; 09o; 10d; 13a
ID258,Tonatiuh yxiuh v2,plant,07h,english,tonatiuh-yxiuh,"Tonatiuh/sun; Xihuitl/herbs, green leaves",p051_02,07h
ID258,Tonatiuh yxiuh v2,plant,07h,spanish,tonatiuh-yxiuh,"Tonatiuh/sun; Xihuitl/herbs, green leaves",p051_02,07h
ID259,Tecpatl,plant,06f,english,tecpatl,nan,nan,06f
ID259,Tecpatl,plant,06f,spanish,tecpatl,nan,nan,06f
ID260,Tetlahuitl v1,plant,07b,english,tetlahuitl,nan,nan,07b
ID260,Tetlahuitl v1,plant,07b,spanish,tetlahuitl,nan,nan,07b
ID261,Chichic-xihuitl,plant,07m,english,chichic-xihuitl,"Chichic/bitter; Xihuitl/herbs, green leaves",nan,07m
ID261,Chichic-xihuitl,plant,07m,spanish,chichic-xihuitl,"Chichic/bitter; Xihuitl/herbs, green leaves",nan,07m
ID263,teco-xochiti-xihuitl,plant,09b,english,teco-xochiti-xihuitl,"Xihuitl/herbs, green leaves; Xochitl/flower",nan,09b
ID263,teco-xochiti-xihuitl,plant,09b,spanish,teco-xochiti-xihuitl,"Xihuitl/herbs, green leaves; Xochitl/flower",nan,09b
ID264,tepaquilti quahuitl,plant,09q,english,tepaquilti quahuitl,Quahuitl/tree or wood,nan,09q
ID264,tepaquilti quahuitl,plant,09q,spanish,tepaquilti quahuitl,Quahuitl/tree or wood,nan,09q
ID265,A-camallo-tetl v1,plant,12a,english,a-camallo-tetl,Atl/water; Tetl/stone,p113_01,12a
ID265,A-camallo-tetl v1,plant,12a,spanish,a-camallo-tetl,Atl/water; Tetl/stone,p113_01,12a
ID266,tetlahuitl v2,stone,01a,english,tetlahuitl,Tetl/stone,nan,01a; 03a; 07c; 08j; 08k; 08l; 09f; 10e; 11c
ID266,tetlahuitl v2,stone,01a,spanish,tetlahuitl,Tetl/stone,nan,01a; 03a; 07c; 08j; 08k; 08l; 09f; 10e; 11c
ID266,tetlahuitl v2,stone,03a,english,tetlahuitl,Tetl/stone,nan,01a; 03a; 07c; 08j; 08k; 08l; 09f; 10e; 11c
ID266,tetlahuitl v2,stone,03a,spanish,tetlahuitl,Tetl/stone,nan,01a; 03a; 07c; 08j; 08k; 08l; 09f; 10e; 11c
ID266,tetlahuitl v2,stone,07c,english,tetlahuitl,Tetl/stone,nan,01a; 03a; 07c; 08j; 08k; 08l; 09f; 10e; 11c
ID266,tetlahuitl v2,stone,07c,spanish,tetlahuitl,Tetl/stone,nan,01a; 03a; 07c; 08j; 08k; 08l; 09f; 10e; 11c
ID266,tetlahuitl v2,stone,08j,english,tetlahuitl,Tetl/stone,nan,01a; 03a; 07c; 08j; 08k; 08l; 09f; 10e; 11c
ID266,tetlahuitl v2,stone,08j,spanish,tetlahuitl,Tetl/stone,nan,01a; 03a; 07c; 08j; 08k; 08l; 09f; 10e; 11c
ID266,tetlahuitl v2,stone,08k,english,tetlahuitl,Tetl/stone,nan,01a; 03a; 07c; 08j; 08k; 08l; 09f; 10e; 11c
ID266,tetlahuitl v2,stone,08k,spanish,tetlahuitl,Tetl/stone,nan,01a; 03a; 07c; 08j; 08k; 08l; 09f; 10e; 11c
ID266,tetlahuitl v2,stone,08l,english,tetlahuitl,Tetl/stone,nan,01a; 03a; 07c; 08j; 08k; 08l; 09f; 10e; 11c
ID266,tetlahuitl v2,stone,08l,spanish,tetlahuitl,Tetl/stone,nan,01a; 03a; 07c; 08j; 08k; 08l; 09f; 10e; 11c
ID266,tetlahuitl v2,stone,09f,english,tetlahuital,Tetl/stone,nan,01a; 03a; 07c; 08j; 08k; 08l; 09f; 10e; 11c
ID266,tetlahuitl v2,stone,09f,spanish,tetlahuital,Tetl/stone,nan,01a; 03a; 07c; 08j; 08k; 08l; 09f; 10e; 11c
ID266,tetlahuitl v2,stone,10e,english,tetlahuitl,Tetl/stone,nan,01a; 03a; 07c; 08j; 08k; 08l; 09f; 10e; 11c
ID266,tetlahuitl v2,stone,10e,spanish,tetlahuitl,Tetl/stone,nan,01a; 03a; 07c; 08j; 08k; 08l; 09f; 10e; 11c
ID266,tetlahuitl v2,stone,11c,english,tetlahuitl,Tetl/stone,nan,01a; 03a; 07c; 08j; 08k; 08l; 09f; 10e; 11c
ID266,tetlahuitl v2,stone,11c,spanish,tetlahuitl,Tetl/stone,nan,01a; 03a; 07c; 08j; 08k; 08l; 09f; 10e; 11c
ID267,iztac tlalli,stone,01a,english,iztac tlalli,Iztac/white; Tlalli/land,nan,01a
ID267,iztac tlalli,stone,01a,spanish,iztac tlalli,Iztac/white; Tlalli/land,nan,01a
ID268,eztetl,stone,01a,english,eztetl,Eztli/blood; Tetl/stone,nan,01a; 03a; 05d; 08d; 08j; 08k; 08l; 09e; 09f; 10e; 11a; 11b; 11c; 13a
ID268,eztetl,stone,01a,spanish,eztetl,Eztli/blood; Tetl/stone,nan,01a; 03a; 05d; 08d; 08j; 08k; 08l; 09e; 09f; 10e; 11a; 11b; 11c; 13a
ID268,eztetl,stone,03a,english,eztetl,Eztli/blood; Tetl/stone,nan,01a; 03a; 05d; 08d; 08j; 08k; 08l; 09e; 09f; 10e; 11a; 11b; 11c; 13a
ID268,eztetl,stone,03a,spanish,eztetl,Eztli/blood; Tetl/stone,nan,01a; 03a; 05d; 08d; 08j; 08k; 08l; 09e; 09f; 10e; 11a; 11b; 11c; 13a
ID268,eztetl,stone,05d,english,ez-tetl,Eztli/blood; Tetl/stone,nan,01a; 03a; 05d; 08d; 08j; 08k; 08l; 09e; 09f; 10e; 11a; 11b; 11c; 13a
ID268,eztetl,stone,05d,spanish,ez-tetl,Eztli/blood; Tetl/stone,nan,01a; 03a; 05d; 08d; 08j; 08k; 08l; 09e; 09f; 10e; 11a; 11b; 11c; 13a
ID268,eztetl,stone,08d,english,eztetl,Eztli/blood; Tetl/stone,nan,01a; 03a; 05d; 08d; 08j; 08k; 08l; 09e; 09f; 10e; 11a; 11b; 11c; 13a
ID268,eztetl,stone,08d,spanish,eztetl,Eztli/blood; Tetl/stone,nan,01a; 03a; 05d; 08d; 08j; 08k; 08l; 09e; 09f; 10e; 11a; 11b; 11c; 13a
ID268,eztetl,stone,08j,english,eztetl,Eztli/blood; Tetl/stone,nan,01a; 03a; 05d; 08d; 08j; 08k; 08l; 09e; 09f; 10e; 11a; 11b; 11c; 13a
ID268,eztetl,stone,08j,spanish,eztetl,Eztli/blood; Tetl/stone,nan,01a; 03a; 05d; 08d; 08j; 08k; 08l; 09e; 09f; 10e; 11a; 11b; 11c; 13a
ID268,eztetl,stone,08k,english,eztetl,Eztli/blood; Tetl/stone,nan,01a; 03a; 05d; 08d; 08j; 08k; 08l; 09e; 09f; 10e; 11a; 11b; 11c; 13a
ID268,eztetl,stone,08k,spanish,eztetl,Eztli/blood; Tetl/stone,nan,01a; 03a; 05d; 08d; 08j; 08k; 08l; 09e; 09f; 10e; 11a; 11b; 11c; 13a
ID268,eztetl,stone,08l,english,eztetl,Eztli/blood; Tetl/stone,nan,01a; 03a; 05d; 08d; 08j; 08k; 08l; 09e; 09f; 10e; 11a; 11b; 11c; 13a
ID268,eztetl,stone,08l,spanish,eztetl,Eztli/blood; Tetl/stone,nan,01a; 03a; 05d; 08d; 08j; 08k; 08l; 09e; 09f; 10e; 11a; 11b; 11c; 13a
ID268,eztetl,stone,09e,english,eztetl,Eztli/blood; Tetl/stone,nan,01a; 03a; 05d; 08d; 08j; 08k; 08l; 09e; 09f; 10e; 11a; 11b; 11c; 13a
ID268,eztetl,stone,09e,spanish,eztetl,Eztli/blood; Tetl/stone,nan,01a; 03a; 05d; 08d; 08j; 08k; 08l; 09e; 09f; 10e; 11a; 11b; 11c; 13a
ID268,eztetl,stone,09f,english,eztetl,Eztli/blood; Tetl/stone,nan,01a; 03a; 05d; 08d; 08j; 08k; 08l; 09e; 09f; 10e; 11a; 11b; 11c; 13a
ID268,eztetl,stone,09f,spanish,eztetl,Eztli/blood; Tetl/stone,nan,01a; 03a; 05d; 08d; 08j; 08k; 08l; 09e; 09f; 10e; 11a; 11b; 11c; 13a
ID268,eztetl,stone,10e,english,eztetl,Eztli/blood; Tetl/stone,nan,01a; 03a; 05d; 08d; 08j; 08k; 08l; 09e; 09f; 10e; 11a; 11b; 11c; 13a
ID268,eztetl,stone,10e,spanish,eztetl,Eztli/blood; Tetl/stone,nan,01a; 03a; 05d; 08d; 08j; 08k; 08l; 09e; 09f; 10e; 11a; 11b; 11c; 13a
ID268,eztetl,stone,11a,english,eztetl,Eztli/blood; Tetl/stone,nan,01a; 03a; 05d; 08d; 08j; 08k; 08l; 09e; 09f; 10e; 11a; 11b; 11c; 13a
ID268,eztetl,stone,11a,spanish,eztetl,Eztli/blood; Tetl/stone,nan,01a; 03a; 05d; 08d; 08j; 08k; 08l; 09e; 09f; 10e; 11a; 11b; 11c; 13a
ID268,eztetl,stone,11b,english,eztetl,Eztli/blood; Tetl/stone,nan,01a; 03a; 05d; 08d; 08j; 08k; 08l; 09e; 09f; 10e; 11a; 11b; 11c; 13a
ID268,eztetl,stone,11b,spanish,eztetl,Eztli/blood; Tetl/stone,nan,01a; 03a; 05d; 08d; 08j; 08k; 08l; 09e; 09f; 10e; 11a; 11b; 11c; 13a
ID268,eztetl,stone,11c,english,eztetl,Eztli/blood; Tetl/stone,nan,01a; 03a; 05d; 08d; 08j; 08k; 08l; 09e; 09f; 10e; 11a; 11b; 11c; 13a
ID268,eztetl,stone,11c,spanish,eztetl,Eztli/blood; Tetl/stone,nan,01a; 03a; 05d; 08d; 08j; 08k; 08l; 09e; 09f; 10e; 11a; 11b; 11c; 13a
ID268,eztetl,stone,13a,english,eztetl,Eztli/blood; Tetl/stone,nan,01a; 03a; 05d; 08d; 08j; 08k; 08l; 09e; 09f; 10e; 11a; 11b; 11c; 13a
ID268,eztetl,stone,13a,spanish,eztetl,Eztli/blood; Tetl/stone,nan,01a; 03a; 05d; 08d; 08j; 08k; 08l; 09e; 09f; 10e; 11a; 11b; 11c; 13a
ID269,te-mamatlatzin,stone,01a,english,te-mamatlatzin,Te/stone,nan,01a
ID269,te-mamatlatzin,stone,01a,spanish,te-mamatlatzin,Te/stone,nan,01a
ID270,atzitzicuilotl,animal,01c,english,atzitzicuilotl,Atl/water,nan,01c
ID270,atzitzicuilotl,animal,01c,spanish,atzitzicuilotl,Atl/water,nan,01c
ID271,avat-tecolotl,animal,01e,english,avat-tecolotl,Tecolotl/owl,nan,01e
ID271,avat-tecolotl,animal,01e,spanish,avat-tecolotl,Tecolotl/owl,nan,01e
ID272,tlacal-huatzin,stone,01f,english,tlacalhuatzin,Tlacatl/person,nan,01f; 02b; 03a; 07b; 08j; 08k; 08l; 09e; 10e; 13a
ID272,tlacal-huatzin,stone,01f,spanish,tlacalhuatzin,Tlacatl/person,nan,01f; 02b; 03a; 07b; 08j; 08k; 08l; 09e; 10e; 13a
ID272,tlacal-huatzin,stone,02b,english,tlacal-huatzin,Tlacatl/person,nan,01f; 02b; 03a; 07b; 08j; 08k; 08l; 09e; 10e; 13a
ID272,tlacal-huatzin,stone,02b,spanish,tlacal-huatzin,Tlacatl/person,nan,01f; 02b; 03a; 07b; 08j; 08k; 08l; 09e; 10e; 13a
ID272,tlacal-huatzin,stone,03a,english,tlacalhuatzin,Tlacatl/person,nan,01f; 02b; 03a; 07b; 08j; 08k; 08l; 09e; 10e; 13a
ID272,tlacal-huatzin,stone,03a,spanish,tlacalhuatzin,Tlacatl/person,nan,01f; 02b; 03a; 07b; 08j; 08k; 08l; 09e; 10e; 13a
ID272,tlacal-huatzin,stone,07b,english,tlacahuatzin,Tlacatl/person,nan,01f; 02b; 03a; 07b; 08j; 08k; 08l; 09e; 10e; 13a
ID272,tlacal-huatzin,stone,07b,spanish,tlacahuatzin,Tlacatl/person,nan,01f; 02b; 03a; 07b; 08j; 08k; 08l; 09e; 10e; 13a
ID272,tlacal-huatzin,stone,08j,english,tlacal-huatzin,Tlacatl/person,nan,01f; 02b; 03a; 07b; 08j; 08k; 08l; 09e; 10e; 13a
ID272,tlacal-huatzin,stone,08j,spanish,tlacal-huatzin,Tlacatl/person,nan,01f; 02b; 03a; 07b; 08j; 08k; 08l; 09e; 10e; 13a
ID272,tlacal-huatzin,stone,08k,english,tlaca-huatzin,Tlacatl/person,nan,01f; 02b; 03a; 07b; 08j; 08k; 08l; 09e; 10e; 13a
ID272,tlacal-huatzin,stone,08k,spanish,tlaca-huatzin,Tlacatl/person,nan,01f; 02b; 03a; 07b; 08j; 08k; 08l; 09e; 10e; 13a
ID272,tlacal-huatzin,stone,08l,english,tlacal-huatzin,Tlacatl/person,nan,01f; 02b; 03a; 07b; 08j; 08k; 08l; 09e; 10e; 13a
ID272,tlacal-huatzin,stone,08l,spanish,tlacal-huatzin,Tlacatl/person,nan,01f; 02b; 03a; 07b; 08j; 08k; 08l; 09e; 10e; 13a
ID272,tlacal-huatzin,stone,09e,english,tlacal-huatzin,Tlacatl/person,nan,01f; 02b; 03a; 07b; 08j; 08k; 08l; 09e; 10e; 13a
ID272,tlacal-huatzin,stone,09e,spanish,tlacal-huatzin,Tlacatl/person,nan,01f; 02b; 03a; 07b; 08j; 08k; 08l; 09e; 10e; 13a
ID272,tlacal-huatzin,stone,10e,english,tlacal-huatzin,Tlacatl/person,nan,01f; 02b; 03a; 07b; 08j; 08k; 08l; 09e; 10e; 13a
ID272,tlacal-huatzin,stone,10e,spanish,tlacal-huatzin,Tlacatl/person,nan,01f; 02b; 03a; 07b; 08j; 08k; 08l; 09e; 10e; 13a
ID272,tlacal-huatzin,stone,13a,english,tlacal-huatzin,Tlacatl/person,nan,01f; 02b; 03a; 07b; 08j; 08k; 08l; 09e; 10e; 13a
ID272,tlacal-huatzin,stone,13a,spanish,tlacal-huatzin,Tlacatl/person,nan,01f; 02b; 03a; 07b; 08j; 08k; 08l; 09e; 10e; 13a
ID273,chilmolli,other,02b,english,chilmolli,Chilli/chile; Molli/sauce,nan,02b
ID273,chilmolli,other,02b,spanish,chilmolli,Chilli/chile; Molli/sauce,nan,02b
ID274,molo-tototl,bird,02b,english,molo-tototl,Tototl/bird,nan,02b
ID274,molo-tototl,bird,02b,spanish,molo-tototl,Tototl/bird,nan,02b
ID276,iztac-quetzaliztli,stone,05c,english,iztac-quetzaliztli,Iztac/white,nan,05c
ID276,iztac-quetzaliztli,stone,05c,spanish,iztac-quetzaliztli,Iztac/white,nan,05c
ID277,chichiltic tapachtli,stone,05c,english,chichiltic tapachtli,Chichiltic/red,nan,05c; 05h; 07c
ID277,chichiltic tapachtli,stone,05c,spanish,chichiltic tapachtli,Chichiltic/red,nan,05c; 05h; 07c
ID277,chichiltic tapachtli,stone,05h,english,chichiltic tapachtli,Chichiltic/red,nan,05c; 05h; 07c
ID277,chichiltic tapachtli,stone,05h,spanish,chichiltic tapachtli,Chichiltic/red,nan,05c; 05h; 07c
ID277,chichiltic tapachtli,stone,07c,english,chichiltic tapachtli,Chichiltic/red,nan,05c; 05h; 07c
ID277,chichiltic tapachtli,stone,07c,spanish,chichiltic tapachtli,Chichiltic/red,nan,05c; 05h; 07c
ID278,xochi-ocotzotl,other,05c,english,xochi-ocotzotl,Ocotl/pine; Xochitl/flower,nan,05c; 06a; 08j; 09q; 10k
ID278,xochi-ocotzotl,other,05c,spanish,xochi-ocotzotl,Ocotl/pine; Xochitl/flower,nan,05c; 06a; 08j; 09q; 10k
ID278,xochi-ocotzotl,other,06a,english,xochi-ocotzotl,Ocotl/pine; Xochitl/flower,nan,05c; 06a; 08j; 09q; 10k
ID278,xochi-ocotzotl,other,06a,spanish,xochi-ocotzotl,Ocotl/pine; Xochitl/flower,nan,05c; 06a; 08j; 09q; 10k
ID278,xochi-ocotzotl,other,08j,english,xochi-ocotzotl,Ocotl/pine; Xochitl/flower,nan,05c; 06a; 08j; 09q; 10k
ID278,xochi-ocotzotl,other,08j,spanish,xochi-ocotzotl,Ocotl/pine; Xochitl/flower,nan,05c; 06a; 08j; 09q; 10k
ID278,xochi-ocotzotl,other,09q,english,xochi-oco-tzotl,Ocotl/pine; Xochitl/flower,nan,05c; 06a; 08j; 09q; 10k
ID278,xochi-ocotzotl,other,09q,spanish,xochi-oco-tzotl,Ocotl/pine; Xochitl/flower,nan,05c; 06a; 08j; 09q; 10k
ID278,xochi-ocotzotl,other,10k,english,xochi-ocotzotl,Ocotl/pine; Xochitl/flower,nan,05c; 06a; 08j; 09q; 10k
ID278,xochi-ocotzotl,other,10k,spanish,xochi-ocotzotl,Ocotl/pine; Xochitl/flower,nan,05c; 06a; 08j; 09q; 10k
ID279,a-camallo-tetl v2,stone,05e,english,a-camallo-tetl,Atl/water; Tetl/stone,nan,05e; 07d; 09e; 12a
ID279,a-camallo-tetl v2,stone,05e,spanish,a-camallo-tetl,Atl/water; Tetl/stone,nan,05e; 07d; 09e; 12a
ID279,a-camallo-tetl v2,stone,07d,english,a-camallo-tetl,Atl/water; Tetl/stone,nan,05e; 07d; 09e; 12a
ID279,a-camallo-tetl v2,stone,07d,spanish,a-camallo-tetl,Atl/water; Tetl/stone,nan,05e; 07d; 09e; 12a
ID279,a-camallo-tetl v2,stone,09e,english,a-camollotetl,Atl/water; Tetl/stone,nan,05e; 07d; 09e; 12a
ID279,a-camallo-tetl v2,stone,09e,spanish,a-camollotetl,Atl/water; Tetl/stone,nan,05e; 07d; 09e; 12a
ID279,a-camallo-tetl v2,stone,12a,english,a-camallo-tetl,Atl/water; Tetl/stone,nan,05e; 07d; 09e; 12a
ID279,a-camallo-tetl v2,stone,12a,spanish,a-camallo-tetl,Atl/water; Tetl/stone,nan,05e; 07d; 09e; 12a
ID280,teo-xihuitl v2,stone,05h,english,teo-xihuitl,"Teo/divine; Xihuitl/herbs, green leaves",nan,05h
ID280,teo-xihuitl v2,stone,05h,spanish,teo-xihuitl,"Teo/divine; Xihuitl/herbs, green leaves",nan,05h
ID281,xiuh-tomolli,stone,07d,english,xiuh-tomolli,"Xihuitl/herbs, green leaves",nan,07d; 07h; 09b
ID281,xiuh-tomolli,stone,07d,spanish,xiuh-tomolli,"Xihuitl/herbs, green leaves",nan,07d; 07h; 09b
ID281,xiuh-tomolli,stone,07h,english,xiuh-tomolli,"Xihuitl/herbs, green leaves",nan,07d; 07h; 09b
ID281,xiuh-tomolli,stone,07h,spanish,xiuh-tomolli,"Xihuitl/herbs, green leaves",nan,07d; 07h; 09b
ID281,xiuh-tomolli,stone,09b,english,xiuh-tomolli,"Xihuitl/herbs, green leaves",nan,07d; 07h; 09b
ID281,xiuh-tomolli,stone,09b,spanish,xiuh-tomolli,"Xihuitl/herbs, green leaves",nan,07d; 07h; 09b
ID282,te-xoxoctli,stone,08a,english,te-xoxoctli,Te/stone; Xocotl/sour fruit,nan,08a
ID282,te-xoxoctli,stone,08a,spanish,te-xoxoctli,Te/stone; Xocotl/sour fruit,nan,08a
ID283,eca-cohuatl,animal,08f,english,eca-cohuatl,Ecatl/wind,nan,08f
ID283,eca-cohuatl,animal,08f,spanish,eca-cohuatl,Ecatl/wind,nan,08f
ID284,huacton,bird,08h,english,huacton,nan,nan,08h
ID284,huacton,bird,08h,spanish,huacton,nan,nan,08h
ID285,hoxitl,other,08i,english,hoxitl,nan,nan,08i
ID285,hoxitl,other,08i,spanish,hoxitl,nan,nan,08i
ID286,cuetlachtli,animal,08l,english,cuetlachtli,nan,nan,08l
ID286,cuetlachtli,animal,08l,spanish,cuetlachtli,nan,nan,08l
ID287,miztli,animal,08l,english,miztli,nan,nan,08l
ID287,miztli,animal,08l,spanish,miztli,nan,nan,08l
ID288,ocotochtli,animal,08l,english,ocotochtli,Ocotl/pine,nan,08l
ID288,ocotochtli,animal,08l,spanish,ocotochtli,Ocotl/pine,nan,08l
ID289,tlaco-ocelotl,animal,08l,english,tlaco-ocelotl,Tlaco/half or middle,nan,08l
ID289,tlaco-ocelotl,animal,08l,spanish,tlaco-ocelotl,Tlaco/half or middle,nan,08l
ID290,quetzal-iztli,stone,08l,english,quetzal-iztli,"Iztli/obsidian or blade; Quetzal/precious, feathered, or green",nan,08l
ID290,quetzal-iztli,stone,08l,spanish,quetzal-iztli,"Iztli/obsidian or blade; Quetzal/precious, feathered, or green",nan,08l
ID291,huexo-canauhtli,bird,08l,english,huexo-canauhtli,nan,nan,08l; 09b; 09e; 09f
ID291,huexo-canauhtli,bird,08l,spanish,huexo-canauhtli,nan,nan,08l; 09b; 09e; 09f
ID291,huexo-canauhtli,bird,09b,english,huexo-canauhtli,nan,nan,08l; 09b; 09e; 09f
ID291,huexo-canauhtli,bird,09b,spanish,huexo-canauhtli,nan,nan,08l; 09b; 09e; 09f
ID291,huexo-canauhtli,bird,09e,english,huexo-canauhtli,nan,nan,08l; 09b; 09e; 09f
ID291,huexo-canauhtli,bird,09e,spanish,huexo-canauhtli,nan,nan,08l; 09b; 09e; 09f
ID291,huexo-canauhtli,bird,09f,english,huexo-canauhtli,nan,nan,08l; 09b; 09e; 09f
ID291,huexo-canauhtli,bird,09f,spanish,huexo-canauhtli,nan,nan,08l; 09b; 09e; 09f
ID292,huactli,bird,08l,english,hauctli,nan,nan,08l; 09b; 10a; 10e
ID292,huactli,bird,08l,spanish,hauctli,nan,nan,08l; 09b; 10a; 10e
ID292,huactli,bird,09b,english,huactli,nan,nan,08l; 09b; 10a; 10e
ID292,huactli,bird,09b,spanish,huactli,nan,nan,08l; 09b; 10a; 10e
ID292,huactli,bird,10a,english,huactli,nan,nan,08l; 09b; 10a; 10e
ID292,huactli,bird,10a,spanish,huactli,nan,nan,08l; 09b; 10a; 10e
ID292,huactli,bird,10e,english,huactli,nan,nan,08l; 09b; 10a; 10e
ID292,huactli,bird,10e,spanish,huactli,nan,nan,08l; 09b; 10a; 10e
ID293,apopotli,bird,08l,english,apopotli,nan,nan,08l; 09b
ID293,apopotli,bird,08l,spanish,apopotli,nan,nan,08l; 09b
ID293,apopotli,bird,09b,english,apopotli,nan,nan,08l; 09b
ID293,apopotli,bird,09b,spanish,apopotli,nan,nan,08l; 09b
ID294,coyotl,animal,08l,english,coyotl,Coyotl/coyote,nan,08l
ID294,coyotl,animal,08l,spanish,coyotl,Coyotl/coyote,nan,08l
ID295,huitlalotl,bird,09b,english,huitlalotl,nan,nan,09b; 13a
ID295,huitlalotl,bird,09b,spanish,huitlalotl,nan,nan,09b; 13a
ID295,huitlalotl,bird,13a,english,huitla-tototl,nan,nan,09b; 13a
ID295,huitlalotl,bird,13a,spanish,huitla-tototl,nan,nan,09b; 13a
ID296,aztatl,bird,09b,english,aztatl,nan,nan,09b
ID296,aztatl,bird,09b,spanish,aztatl,nan,nan,09b
ID297,tlacahuilotl,bird,09b,english,tlacahuilotl,Tlacatl/person,nan,09b
ID297,tlacahuilotl,bird,09b,spanish,tlacahuilotl,Tlacatl/person,nan,09b
ID298,xiuh-quechol-tototl,bird,09b,english,quechol-tototl,"Tototl/bird; Xihuitl/herbs, green leaves",nan,09b; 10e; 13a
ID298,xiuh-quechol-tototl,bird,09b,spanish,quechol-tototl,"Tototl/bird; Xihuitl/herbs, green leaves",nan,09b; 10e; 13a
ID298,xiuh-quechol-tototl,bird,10e,english,quechol-tototl,"Tototl/bird; Xihuitl/herbs, green leaves",nan,09b; 10e; 13a
ID298,xiuh-quechol-tototl,bird,10e,spanish,quechol-tototl,"Tototl/bird; Xihuitl/herbs, green leaves",nan,09b; 10e; 13a
ID298,xiuh-quechol-tototl,bird,13a,english,quechol-tototl,"Tototl/bird; Xihuitl/herbs, green leaves",nan,09b; 10e; 13a
ID298,xiuh-quechol-tototl,bird,13a,spanish,quechol-tototl,"Tototl/bird; Xihuitl/herbs, green leaves",nan,09b; 10e; 13a
ID299,tototl,bird,09b,english,tototl,Tototl/bird,nan,09b
ID299,tototl,bird,09b,spanish,tototl,Tototl/bird,nan,09b
ID300,tlapal-tototl,bird,09b,english,tlpal-tototl,Tototl/bird,nan,09b; 10e; 13a
ID300,tlapal-tototl,bird,09b,spanish,tlpal-tototl,Tototl/bird,nan,09b; 10e; 13a
ID300,tlapal-tototl,bird,10e,english,tlapa-tototl,Tototl/bird,nan,09b; 10e; 13a
ID300,tlapal-tototl,bird,10e,spanish,tlapa-tototl,Tototl/bird,nan,09b; 10e; 13a
ID300,tlapal-tototl,bird,13a,english,tlapal-tototl,Tototl/bird,nan,09b; 10e; 13a
ID300,tlapal-tototl,bird,13a,spanish,tlapal-tototl,Tototl/bird,nan,09b; 10e; 13a
ID301,noch-tototl,bird,09b,english,noch-tototl,Nochtli/prickly pear; Tototl/bird,nan,09b; 09e; 13a
ID301,noch-tototl,bird,09b,spanish,noch-tototl,Nochtli/prickly pear; Tototl/bird,nan,09b; 09e; 13a
ID301,noch-tototl,bird,09e,english,noch-totl,Nochtli/prickly pear; Tototl/bird,nan,09b; 09e; 13a
ID301,noch-tototl,bird,09e,spanish,noch-totl,Nochtli/prickly pear; Tototl/bird,nan,09b; 09e; 13a
ID301,noch-tototl,bird,13a,english,noch-tototl,Nochtli/prickly pear; Tototl/bird,nan,09b; 09e; 13a
ID301,noch-tototl,bird,13a,spanish,noch-tototl,Nochtli/prickly pear; Tototl/bird,nan,09b; 09e; 13a
ID302,acatzanatl,bird,09b,english,acatzanatl,Acatl/reed,nan,09b
ID302,acatzanatl,bird,09b,spanish,acatzanatl,Acatl/reed,nan,09b
ID303,zolin,bird,09b,english,zolin,nan,nan,09b
ID303,zolin,bird,09b,spanish,zolin,nan,nan,09b
ID304,texalli,stone,09b,english,texalli,Tetl/stone; Xal/sand,nan,09b
ID304,texalli,stone,09b,spanish,texalli,Tetl/stone; Xal/sand,nan,09b
ID305,huitzitzilin,bird,09e,english,huitzitzilin,Huitzihtzil/colibri,nan,09e
ID305,huitzitzilin,bird,09e,spanish,huitzitzilin,Huitzihtzil/colibri,nan,09e
ID306,cocotli,bird,09e,english,cocotli,nan,nan,09e
ID306,cocotli,bird,09e,spanish,cocotli,nan,nan,09e
ID307,pezotli,animal,09e,english,pezotli,nan,nan,09e
ID307,pezotli,animal,09e,spanish,pezotli,nan,nan,09e
ID309,octli,other,10h,english,octli,nan,nan,10h; 11a
ID309,octli,other,10h,spanish,octli,nan,nan,10h; 11a
ID309,octli,other,11a,english,octli,nan,nan,10h; 11a
ID309,octli,other,11a,spanish,octli,nan,nan,10h; 11a
ID310,tlaquatzin,animal,11a,english,tlaquatzin,Tla/thing or something,nan,11a
ID310,tlaquatzin,animal,11a,spanish,tlaquatzin,Tla/thing or something,nan,11a
